Entity,Code,Year,"PM2.5 air pollution, mean annual exposure (micrograms per cubic meter)"
Afghanistan,AFG,1990,48.426586
Afghanistan,AFG,1991,47.94161
Afghanistan,AFG,1992,47.974403
Afghanistan,AFG,1993,48.0072
Afghanistan,AFG,1994,48.039993
Afghanistan,AFG,1995,47.037243
Afghanistan,AFG,1996,48.105583
Afghanistan,AFG,1997,48.13838
Afghanistan,AFG,1998,48.17117
Afghanistan,AFG,1999,48.203964
Afghanistan,AFG,2000,48.75453
Afghanistan,AFG,2001,47.343914
Afghanistan,AFG,2002,49.618782
Afghanistan,AFG,2003,48.647667
Afghanistan,AFG,2004,47.392006
Afghanistan,AFG,2005,48.098083
Afghanistan,AFG,2006,40.538013
Afghanistan,AFG,2007,37.727036
Afghanistan,AFG,2008,36.852264
Afghanistan,AFG,2009,34.591442
Afghanistan,AFG,2010,39.08823
Afghanistan,AFG,2011,41.902607
Afghanistan,AFG,2012,34.349224
Afghanistan,AFG,2013,36.612812
Afghanistan,AFG,2014,35.98116
Afghanistan,AFG,2015,36.485733
Afghanistan,AFG,2016,36.872528
Afghanistan,AFG,2017,37.0668
Afghanistan,AFG,2018,40.83849
Afghanistan,AFG,2019,34.79521
Afghanistan,AFG,2020,34.164127
Afghanistan,AFG,2021,39.738834
Afghanistan,AFG,2022,40.20678
Afghanistan,AFG,2023,37.94831
Albania,ALB,1990,23.49461
Albania,ALB,1991,23.067856
Albania,ALB,1992,22.91179
Albania,ALB,1993,22.755726
Albania,ALB,1994,22.59966
Albania,ALB,1995,21.902218
Albania,ALB,1996,22.287529
Albania,ALB,1997,22.131464
Albania,ALB,1998,21.975399
Albania,ALB,1999,21.819334
Albania,ALB,2000,21.933958
Albania,ALB,2001,20.79519
Albania,ALB,2002,23.30122
Albania,ALB,2003,25.42076
Albania,ALB,2004,22.435135
Albania,ALB,2005,22.25906
Albania,ALB,2006,21.694021
Albania,ALB,2007,21.10743
Albania,ALB,2008,20.384361
Albania,ALB,2009,19.46221
Albania,ALB,2010,18.392
Albania,ALB,2011,21.948944
Albania,ALB,2012,19.067497
Albania,ALB,2013,18.185196
Albania,ALB,2014,16.69492
Albania,ALB,2015,18.678633
Albania,ALB,2016,16.511839
Albania,ALB,2017,17.267405
Albania,ALB,2018,17.955235
Albania,ALB,2019,17.295027
Albania,ALB,2020,15.714175
Albania,ALB,2021,15.833752
Albania,ALB,2022,16.453823
Albania,ALB,2023,15.514103
Algeria,DZA,1990,12.299807
Algeria,DZA,1991,12.48519
Algeria,DZA,1992,12.811147
Algeria,DZA,1993,13.137103
Algeria,DZA,1994,13.46306
Algeria,DZA,1995,13.50787
Algeria,DZA,1996,14.114973
Algeria,DZA,1997,14.440929
Algeria,DZA,1998,14.766887
Algeria,DZA,1999,15.092843
Algeria,DZA,2000,15.559373
Algeria,DZA,2001,14.436359
Algeria,DZA,2002,15.041127
Algeria,DZA,2003,14.134215
Algeria,DZA,2004,14.315241
Algeria,DZA,2005,14.8913555
Algeria,DZA,2006,16.799482
Algeria,DZA,2007,17.473907
Algeria,DZA,2008,17.467424
Algeria,DZA,2009,16.904621
Algeria,DZA,2010,17.211264
Algeria,DZA,2011,15.915753
Algeria,DZA,2012,16.139248
Algeria,DZA,2013,15.220658
Algeria,DZA,2014,16.116566
Algeria,DZA,2015,16.03184
Algeria,DZA,2016,16.730295
Algeria,DZA,2017,15.388411
Algeria,DZA,2018,16.059969
Algeria,DZA,2019,16.004383
Algeria,DZA,2020,15.345791
Algeria,DZA,2021,16.866928
Algeria,DZA,2022,19.182175
Algeria,DZA,2023,16.539469
American Samoa,ASM,1990,4.8108997
American Samoa,ASM,1991,4.7228284
American Samoa,ASM,1992,4.731312
American Samoa,ASM,1993,4.7397947
American Samoa,ASM,1994,4.7482777
American Samoa,ASM,1995,4.563652
American Samoa,ASM,1996,4.765244
American Samoa,ASM,1997,4.773727
American Samoa,ASM,1998,4.7822104
American Samoa,ASM,1999,4.7906933
American Samoa,ASM,2000,4.895731
American Samoa,ASM,2001,5.003124
American Samoa,ASM,2002,4.9048343
American Samoa,ASM,2003,4.945226
American Samoa,ASM,2004,4.620156
American Samoa,ASM,2005,4.709115
American Samoa,ASM,2006,4.678187
American Samoa,ASM,2007,4.497878
American Samoa,ASM,2008,4.416421
American Samoa,ASM,2009,4.286193
American Samoa,ASM,2010,4.1469107
American Samoa,ASM,2011,3.6891832
American Samoa,ASM,2012,4.1162896
American Samoa,ASM,2013,4.1907024
American Samoa,ASM,2014,4.2967997
American Samoa,ASM,2015,4.803461
American Samoa,ASM,2016,4.3696685
American Samoa,ASM,2017,4.4148183
American Samoa,ASM,2018,4.210453
American Samoa,ASM,2019,4.39742
American Samoa,ASM,2020,4.16338
American Samoa,ASM,2021,3.4478872
American Samoa,ASM,2022,4.9376407
American Samoa,ASM,2023,4.325937
Andorra,AND,1990,15.678366
Andorra,AND,1991,15.460947
Andorra,AND,1992,15.442455
Andorra,AND,1993,15.4239645
Andorra,AND,1994,15.405474
Andorra,AND,1995,14.989127
Andorra,AND,1996,15.368491
Andorra,AND,1997,15.349999
Andorra,AND,1998,15.331509
Andorra,AND,1999,15.313017
Andorra,AND,2000,15.493454
Andorra,AND,2001,14.664294
Andorra,AND,2002,14.68803
Andorra,AND,2003,14.97756
Andorra,AND,2004,13.70617
Andorra,AND,2005,13.946596
Andorra,AND,2006,12.929728
Andorra,AND,2007,11.82251
Andorra,AND,2008,11.462521
Andorra,AND,2009,11.7901945
Andorra,AND,2010,11.338775
Andorra,AND,2011,11.285655
Andorra,AND,2012,11.272797
Andorra,AND,2013,9.282997
Andorra,AND,2014,8.884386
Andorra,AND,2015,10.575267
Andorra,AND,2016,8.292141
Andorra,AND,2017,9.768346
Andorra,AND,2018,9.377665
Andorra,AND,2019,9.168028
Andorra,AND,2020,8.507018
Andorra,AND,2021,9.25302
Andorra,AND,2022,11.467729
Andorra,AND,2023,8.883022
Angola,AGO,1990,23.676964
Angola,AGO,1991,23.367735
Angola,AGO,1992,23.344755
Angola,AGO,1993,23.321777
Angola,AGO,1994,23.298798
Angola,AGO,1995,22.703318
Angola,AGO,1996,23.25284
Angola,AGO,1997,23.22986
Angola,AGO,1998,23.20688
Angola,AGO,1999,23.1839
Angola,AGO,2000,23.447172
Angola,AGO,2001,24.313643
Angola,AGO,2002,24.056664
Angola,AGO,2003,23.4318
Angola,AGO,2004,23.372055
Angola,AGO,2005,24.275362
Angola,AGO,2006,20.910536
Angola,AGO,2007,20.304699
Angola,AGO,2008,21.384628
Angola,AGO,2009,20.217794
Angola,AGO,2010,24.58557
Angola,AGO,2011,21.523624
Angola,AGO,2012,21.343443
Angola,AGO,2013,22.642942
Angola,AGO,2014,19.356392
Angola,AGO,2015,21.23245
Angola,AGO,2016,20.996796
Angola,AGO,2017,18.226158
Angola,AGO,2018,19.927565
Angola,AGO,2019,22.174343
Angola,AGO,2020,19.570648
Angola,AGO,2021,18.49084
Angola,AGO,2022,22.517223
Angola,AGO,2023,19.90757
Antigua and Barbuda,ATG,1990,10.389793
Antigua and Barbuda,ATG,1991,10.405249
Antigua and Barbuda,ATG,1992,10.421124
Antigua and Barbuda,ATG,1993,10.437
Antigua and Barbuda,ATG,1994,10.452875
Antigua and Barbuda,ATG,1995,10.467912
Antigua and Barbuda,ATG,1996,10.484626
Antigua and Barbuda,ATG,1997,10.500502
Antigua and Barbuda,ATG,1998,10.5163765
Antigua and Barbuda,ATG,1999,10.532252
Antigua and Barbuda,ATG,2000,10.548548
Antigua and Barbuda,ATG,2001,10.369811
Antigua and Barbuda,ATG,2002,10.742918
Antigua and Barbuda,ATG,2003,9.619918
Antigua and Barbuda,ATG,2004,9.187554
Antigua and Barbuda,ATG,2005,9.771547
Antigua and Barbuda,ATG,2006,9.369139
Antigua and Barbuda,ATG,2007,8.814349
Antigua and Barbuda,ATG,2008,9.1723
Antigua and Barbuda,ATG,2009,9.917528
Antigua and Barbuda,ATG,2010,10.3407135
Antigua and Barbuda,ATG,2011,8.646652
Antigua and Barbuda,ATG,2012,10.060279
Antigua and Barbuda,ATG,2013,7.766455
Antigua and Barbuda,ATG,2014,7.3583345
Antigua and Barbuda,ATG,2015,9.935556
Antigua and Barbuda,ATG,2016,9.327514
Antigua and Barbuda,ATG,2017,9.407477
Antigua and Barbuda,ATG,2018,8.777406
Antigua and Barbuda,ATG,2019,8.34454
Antigua and Barbuda,ATG,2020,8.634059
Antigua and Barbuda,ATG,2021,9.345081
Antigua and Barbuda,ATG,2022,7.942654
Antigua and Barbuda,ATG,2023,8.416113
Argentina,ARG,1990,20.22964
Argentina,ARG,1991,20.025637
Argentina,ARG,1992,19.795399
Argentina,ARG,1993,19.565163
Argentina,ARG,1994,19.334925
Argentina,ARG,1995,19.157158
Argentina,ARG,1996,18.87445
Argentina,ARG,1997,18.644213
Argentina,ARG,1998,18.413975
Argentina,ARG,1999,18.183739
Argentina,ARG,2000,17.927265
Argentina,ARG,2001,17.917812
Argentina,ARG,2002,17.942461
Argentina,ARG,2003,18.443256
Argentina,ARG,2004,17.37931
Argentina,ARG,2005,16.590551
Argentina,ARG,2006,16.154427
Argentina,ARG,2007,15.867011
Argentina,ARG,2008,15.898499
Argentina,ARG,2009,15.346372
Argentina,ARG,2010,14.539068
Argentina,ARG,2011,15.716305
Argentina,ARG,2012,14.0989685
Argentina,ARG,2013,14.596138
Argentina,ARG,2014,13.534008
Argentina,ARG,2015,13.8006525
Argentina,ARG,2016,14.143415
Argentina,ARG,2017,13.298734
Argentina,ARG,2018,13.537136
Argentina,ARG,2019,14.724635
Argentina,ARG,2020,16.029228
Argentina,ARG,2021,13.919075
Argentina,ARG,2022,15.865606
Argentina,ARG,2023,14.346595
Armenia,ARM,1990,30.130566
Armenia,ARM,1991,29.798292
Armenia,ARM,1992,29.741074
Armenia,ARM,1993,29.683853
Armenia,ARM,1994,29.626633
Armenia,ARM,1995,29.019306
Armenia,ARM,1996,29.512194
Armenia,ARM,1997,29.454973
Armenia,ARM,1998,29.397753
Armenia,ARM,1999,29.340534
Armenia,ARM,2000,29.558367
Armenia,ARM,2001,31.412506
Armenia,ARM,2002,30.00368
Armenia,ARM,2003,30.180668
Armenia,ARM,2004,28.85948
Armenia,ARM,2005,30.073107
Armenia,ARM,2006,27.673212
Armenia,ARM,2007,28.674932
Armenia,ARM,2008,28.373144
Armenia,ARM,2009,26.607067
Armenia,ARM,2010,31.962114
Armenia,ARM,2011,26.461731
Armenia,ARM,2012,26.175283
Armenia,ARM,2013,27.006813
Armenia,ARM,2014,28.47877
Armenia,ARM,2015,28.287262
Armenia,ARM,2016,25.352291
Armenia,ARM,2017,27.140724
Armenia,ARM,2018,27.690329
Armenia,ARM,2019,29.3193
Armenia,ARM,2020,27.158699
Armenia,ARM,2021,30.531393
Armenia,ARM,2022,29.363354
Armenia,ARM,2023,28.55323
Australia,AUS,1990,6.4751964
Australia,AUS,1991,6.3770695
Australia,AUS,1992,6.350205
Australia,AUS,1993,6.3233404
Australia,AUS,1994,6.296476
Australia,AUS,1995,6.1270866
Australia,AUS,1996,6.242747
Australia,AUS,1997,6.2158823
Australia,AUS,1998,6.189018
Australia,AUS,1999,6.1621532
Australia,AUS,2000,6.206551
Australia,AUS,2001,6.155016
Australia,AUS,2002,6.390483
Australia,AUS,2003,6.4907675
Australia,AUS,2004,5.801138
Australia,AUS,2005,5.7155433
Australia,AUS,2006,6.034087
Australia,AUS,2007,5.9722157
Australia,AUS,2008,6.0475926
Australia,AUS,2009,6.936861
Australia,AUS,2010,5.291384
Australia,AUS,2011,5.4379673
Australia,AUS,2012,5.396649
Australia,AUS,2013,5.9675937
Australia,AUS,2014,6.0406437
Australia,AUS,2015,5.891992
Australia,AUS,2016,5.824938
Australia,AUS,2017,5.824313
Australia,AUS,2018,6.0540123
Australia,AUS,2019,9.327339
Australia,AUS,2020,6.8130484
Australia,AUS,2021,5.4818683
Australia,AUS,2022,5.3027363
Australia,AUS,2023,6.414739
Austria,AUT,1990,25.04666
Austria,AUT,1991,25.154228
Austria,AUT,1992,24.771008
Austria,AUT,1993,24.387789
Austria,AUT,1994,24.004568
Austria,AUT,1995,24.602926
Austria,AUT,1996,23.238129
Austria,AUT,1997,22.854908
Austria,AUT,1998,22.471687
Austria,AUT,1999,22.088469
Austria,AUT,2000,21.214458
Austria,AUT,2001,20.068344
Austria,AUT,2002,20.595152
Austria,AUT,2003,21.202929
Austria,AUT,2004,18.602167
Austria,AUT,2005,20.203457
Austria,AUT,2006,18.221188
Austria,AUT,2007,16.492159
Austria,AUT,2008,15.133269
Austria,AUT,2009,15.721397
Austria,AUT,2010,16.664436
Austria,AUT,2011,16.790026
Austria,AUT,2012,14.263331
Austria,AUT,2013,15.479269
Austria,AUT,2014,13.6682415
Austria,AUT,2015,13.499356
Austria,AUT,2016,12.781336
Austria,AUT,2017,12.882048
Austria,AUT,2018,13.848176
Austria,AUT,2019,11.052607
Austria,AUT,2020,10.264116
Austria,AUT,2021,10.770374
Austria,AUT,2022,10.627517
Austria,AUT,2023,10.033762
Azerbaijan,AZE,1990,23.74315
Azerbaijan,AZE,1991,23.805958
Azerbaijan,AZE,1992,23.750803
Azerbaijan,AZE,1993,23.695648
Azerbaijan,AZE,1994,23.640493
Azerbaijan,AZE,1995,23.821262
Azerbaijan,AZE,1996,23.530186
Azerbaijan,AZE,1997,23.47503
Azerbaijan,AZE,1998,23.419876
Azerbaijan,AZE,1999,23.364721
Azerbaijan,AZE,2000,23.191605
Azerbaijan,AZE,2001,23.630564
Azerbaijan,AZE,2002,23.533033
Azerbaijan,AZE,2003,22.510307
Azerbaijan,AZE,2004,21.65495
Azerbaijan,AZE,2005,22.45732
Azerbaijan,AZE,2006,24.63268
Azerbaijan,AZE,2007,27.277193
Azerbaijan,AZE,2008,27.364914
Azerbaijan,AZE,2009,26.321072
Azerbaijan,AZE,2010,29.823078
Azerbaijan,AZE,2011,23.504173
Azerbaijan,AZE,2012,24.197247
Azerbaijan,AZE,2013,25.07389
Azerbaijan,AZE,2014,27.873585
Azerbaijan,AZE,2015,23.435965
Azerbaijan,AZE,2016,21.121065
Azerbaijan,AZE,2017,24.696117
Azerbaijan,AZE,2018,24.211082
Azerbaijan,AZE,2019,23.606974
Azerbaijan,AZE,2020,24.55744
Azerbaijan,AZE,2021,27.22422
Azerbaijan,AZE,2022,24.194273
Azerbaijan,AZE,2023,23.713888
Bahamas,BHS,1990,9.028204
Bahamas,BHS,1991,9.075143
Bahamas,BHS,1992,9.091
Bahamas,BHS,1993,9.106855
Bahamas,BHS,1994,9.122712
Bahamas,BHS,1995,9.200734
Bahamas,BHS,1996,9.154424
Bahamas,BHS,1997,9.17028
Bahamas,BHS,1998,9.186136
Bahamas,BHS,1999,9.201993
Bahamas,BHS,2000,9.186766
Bahamas,BHS,2001,8.9167385
Bahamas,BHS,2002,9.031847
Bahamas,BHS,2003,8.655213
Bahamas,BHS,2004,8.11162
Bahamas,BHS,2005,8.519835
Bahamas,BHS,2006,6.9291406
Bahamas,BHS,2007,5.9205556
Bahamas,BHS,2008,5.6174035
Bahamas,BHS,2009,5.63017
Bahamas,BHS,2010,5.4254694
Bahamas,BHS,2011,6.292444
Bahamas,BHS,2012,6.1253095
Bahamas,BHS,2013,4.909415
Bahamas,BHS,2014,5.301548
Bahamas,BHS,2015,5.2396235
Bahamas,BHS,2016,5.3637114
Bahamas,BHS,2017,6.0590487
Bahamas,BHS,2018,5.4387474
Bahamas,BHS,2019,5.027226
Bahamas,BHS,2020,5.251034
Bahamas,BHS,2021,5.7604785
Bahamas,BHS,2022,5.179406
Bahamas,BHS,2023,5.2819138
Bahrain,BHR,1990,63.627003
Bahrain,BHR,1991,62.411896
Bahrain,BHR,1992,62.133095
Bahrain,BHR,1993,61.85429
Bahrain,BHR,1994,61.57549
Bahrain,BHR,1995,59.42408
Bahrain,BHR,1996,61.017883
Bahrain,BHR,1997,60.739082
Bahrain,BHR,1998,60.46028
Bahrain,BHR,1999,60.181477
Bahrain,BHR,2000,60.838978
Bahrain,BHR,2001,58.764866
Bahrain,BHR,2002,54.08536
Bahrain,BHR,2003,72.02704
Bahrain,BHR,2004,66.50821
Bahrain,BHR,2005,67.924194
Bahrain,BHR,2006,57.907883
Bahrain,BHR,2007,55.000546
Bahrain,BHR,2008,58.036377
Bahrain,BHR,2009,61.724995
Bahrain,BHR,2010,57.415604
Bahrain,BHR,2011,54.68561
Bahrain,BHR,2012,60.146286
Bahrain,BHR,2013,54.31085
Bahrain,BHR,2014,49.853035
Bahrain,BHR,2015,59.102665
Bahrain,BHR,2016,55.829845
Bahrain,BHR,2017,55.792995
Bahrain,BHR,2018,60.11584
Bahrain,BHR,2019,55.31645
Bahrain,BHR,2020,51.2226
Bahrain,BHR,2021,57.53371
Bahrain,BHR,2022,62.669666
Bahrain,BHR,2023,56.565483
Bangladesh,BGD,1990,64.65242
Bangladesh,BGD,1991,63.87467
Bangladesh,BGD,1992,63.86934
Bangladesh,BGD,1993,63.86401
Bangladesh,BGD,1994,63.85868
Bangladesh,BGD,1995,62.3085
Bangladesh,BGD,1996,63.848022
Bangladesh,BGD,1997,63.842693
Bangladesh,BGD,1998,63.837364
Bangladesh,BGD,1999,63.832035
Bangladesh,BGD,2000,64.59913
Bangladesh,BGD,2001,64.16183
Bangladesh,BGD,2002,65.24444
Bangladesh,BGD,2003,64.436226
Bangladesh,BGD,2004,63.985214
Bangladesh,BGD,2005,65.5002
Bangladesh,BGD,2006,63.12776
Bangladesh,BGD,2007,62.68009
Bangladesh,BGD,2008,65.204094
Bangladesh,BGD,2009,70.64567
Bangladesh,BGD,2010,67.491646
Bangladesh,BGD,2011,69.20156
Bangladesh,BGD,2012,73.02934
Bangladesh,BGD,2013,65.478485
Bangladesh,BGD,2014,68.74286
Bangladesh,BGD,2015,65.51673
Bangladesh,BGD,2016,64.23663
Bangladesh,BGD,2017,63.83475
Bangladesh,BGD,2018,79.298416
Bangladesh,BGD,2019,66.79382
Bangladesh,BGD,2020,72.10968
Bangladesh,BGD,2021,73.11053
Bangladesh,BGD,2022,63.21995
Bangladesh,BGD,2023,69.25255
Barbados,BRB,1990,12.186841
Barbados,BRB,1991,12.213348
Barbados,BRB,1992,12.220693
Barbados,BRB,1993,12.228036
Barbados,BRB,1994,12.235379
Barbados,BRB,1995,12.281052
Barbados,BRB,1996,12.250067
Barbados,BRB,1997,12.257411
Barbados,BRB,1998,12.264754
Barbados,BRB,1999,12.272098
Barbados,BRB,2000,12.260278
Barbados,BRB,2001,11.952346
Barbados,BRB,2002,12.447381
Barbados,BRB,2003,11.384566
Barbados,BRB,2004,10.708764
Barbados,BRB,2005,11.217138
Barbados,BRB,2006,11.341618
Barbados,BRB,2007,10.959368
Barbados,BRB,2008,11.620355
Barbados,BRB,2009,12.737799
Barbados,BRB,2010,12.933545
Barbados,BRB,2011,10.526663
Barbados,BRB,2012,12.718833
Barbados,BRB,2013,9.931056
Barbados,BRB,2014,9.357955
Barbados,BRB,2015,12.386943
Barbados,BRB,2016,11.275578
Barbados,BRB,2017,12.158838
Barbados,BRB,2018,10.593199
Barbados,BRB,2019,10.475039
Barbados,BRB,2020,11.34742
Barbados,BRB,2021,12.171104
Barbados,BRB,2022,10.798406
Barbados,BRB,2023,10.90805
Belarus,BLR,1990,32.66152
Belarus,BLR,1991,32.050926
Belarus,BLR,1992,31.590027
Belarus,BLR,1993,31.129131
Belarus,BLR,1994,30.668234
Belarus,BLR,1995,29.907942
Belarus,BLR,1996,29.74644
Belarus,BLR,1997,29.285543
Belarus,BLR,1998,28.824646
Belarus,BLR,1999,28.36375
Belarus,BLR,2000,28.05255
Belarus,BLR,2001,27.169659
Belarus,BLR,2002,30.196878
Belarus,BLR,2003,24.133253
Belarus,BLR,2004,23.003958
Belarus,BLR,2005,21.83339
Belarus,BLR,2006,18.372917
Belarus,BLR,2007,17.326202
Belarus,BLR,2008,17.706894
Belarus,BLR,2009,18.515615
Belarus,BLR,2010,20.296495
Belarus,BLR,2011,17.226791
Belarus,BLR,2012,16.906572
Belarus,BLR,2013,17.861633
Belarus,BLR,2014,18.385937
Belarus,BLR,2015,15.50387
Belarus,BLR,2016,14.602589
Belarus,BLR,2017,14.68704
Belarus,BLR,2018,16.106667
Belarus,BLR,2019,13.349332
Belarus,BLR,2020,12.648808
Belarus,BLR,2021,13.864891
Belarus,BLR,2022,11.397031
Belarus,BLR,2023,11.984375
Belgium,BEL,1990,22.600578
Belgium,BEL,1991,22.633022
Belgium,BEL,1992,22.34811
Belgium,BEL,1993,22.063196
Belgium,BEL,1994,21.778284
Belgium,BEL,1995,22.128086
Belgium,BEL,1996,21.208456
Belgium,BEL,1997,20.923544
Belgium,BEL,1998,20.63863
Belgium,BEL,1999,20.353718
Belgium,BEL,2000,19.751446
Belgium,BEL,2001,18.254549
Belgium,BEL,2002,18.27999
Belgium,BEL,2003,20.548853
Belgium,BEL,2004,18.227665
Belgium,BEL,2005,17.707077
Belgium,BEL,2006,17.02734
Belgium,BEL,2007,16.814205
Belgium,BEL,2008,17.457653
Belgium,BEL,2009,17.60173
Belgium,BEL,2010,17.162823
Belgium,BEL,2011,16.586634
Belgium,BEL,2012,14.7753105
Belgium,BEL,2013,15.682618
Belgium,BEL,2014,12.94202
Belgium,BEL,2015,12.48823
Belgium,BEL,2016,12.131648
Belgium,BEL,2017,11.814223
Belgium,BEL,2018,12.206018
Belgium,BEL,2019,10.443398
Belgium,BEL,2020,9.145553
Belgium,BEL,2021,10.728361
Belgium,BEL,2022,10.074123
Belgium,BEL,2023,8.449187
Belize,BLZ,1990,19.874146
Belize,BLZ,1991,19.544851
Belize,BLZ,1992,19.487497
Belize,BLZ,1993,19.430143
Belize,BLZ,1994,19.37279
Belize,BLZ,1995,18.771553
Belize,BLZ,1996,19.258081
Belize,BLZ,1997,19.200727
Belize,BLZ,1998,19.143373
Belize,BLZ,1999,19.08602
Belize,BLZ,2000,19.300608
Belize,BLZ,2001,18.232727
Belize,BLZ,2002,17.69276
Belize,BLZ,2003,18.661325
Belize,BLZ,2004,15.820407
Belize,BLZ,2005,17.537764
Belize,BLZ,2006,17.694532
Belize,BLZ,2007,17.530085
Belize,BLZ,2008,16.742609
Belize,BLZ,2009,15.1682415
Belize,BLZ,2010,14.608955
Belize,BLZ,2011,18.192614
Belize,BLZ,2012,14.846573
Belize,BLZ,2013,17.311117
Belize,BLZ,2014,16.833647
Belize,BLZ,2015,16.456692
Belize,BLZ,2016,14.4491205
Belize,BLZ,2017,14.873634
Belize,BLZ,2018,17.207865
Belize,BLZ,2019,15.675558
Belize,BLZ,2020,20.106346
Belize,BLZ,2021,15.851735
Belize,BLZ,2022,16.056395
Belize,BLZ,2023,16.764662
Benin,BEN,1990,43.777733
Benin,BEN,1991,41.911186
Benin,BEN,1992,42.19996
Benin,BEN,1993,42.488728
Benin,BEN,1994,42.7775
Benin,BEN,1995,38.755634
Benin,BEN,1996,43.355045
Benin,BEN,1997,43.643818
Benin,BEN,1998,43.93259
Benin,BEN,1999,44.22136
Benin,BEN,2000,46.66545
Benin,BEN,2001,38.112446
Benin,BEN,2002,40.422802
Benin,BEN,2003,32.76102
Benin,BEN,2004,43.491207
Benin,BEN,2005,35.041416
Benin,BEN,2006,38.78287
Benin,BEN,2007,42.567482
Benin,BEN,2008,42.77691
Benin,BEN,2009,37.040836
Benin,BEN,2010,35.125557
Benin,BEN,2011,38.268936
Benin,BEN,2012,38.11251
Benin,BEN,2013,32.068054
Benin,BEN,2014,32.05568
Benin,BEN,2015,46.104195
Benin,BEN,2016,41.364506
Benin,BEN,2017,40.99027
Benin,BEN,2018,35.061832
Benin,BEN,2019,33.27932
Benin,BEN,2020,41.509304
Benin,BEN,2021,40.835384
Benin,BEN,2022,41.49693
Benin,BEN,2023,39.656555
Bermuda,BMU,1990,6.771875
Bermuda,BMU,1991,6.70073
Bermuda,BMU,1992,6.6894755
Bermuda,BMU,1993,6.678221
Bermuda,BMU,1994,6.6669674
Bermuda,BMU,1995,6.5359316
Bermuda,BMU,1996,6.644459
Bermuda,BMU,1997,6.6332045
Bermuda,BMU,1998,6.62195
Bermuda,BMU,1999,6.610696
Bermuda,BMU,2000,6.6593323
Bermuda,BMU,2001,6.722287
Bermuda,BMU,2002,6.0911064
Bermuda,BMU,2003,6.2840023
Bermuda,BMU,2004,5.6653805
Bermuda,BMU,2005,5.9257975
Bermuda,BMU,2006,5.89163
Bermuda,BMU,2007,5.7979183
Bermuda,BMU,2008,5.6266556
Bermuda,BMU,2009,5.208502
Bermuda,BMU,2010,4.8941984
Bermuda,BMU,2011,5.630939
Bermuda,BMU,2012,5.709229
Bermuda,BMU,2013,4.8115087
Bermuda,BMU,2014,5.024328
Bermuda,BMU,2015,5.1959634
Bermuda,BMU,2016,5.074875
Bermuda,BMU,2017,4.668178
Bermuda,BMU,2018,4.26666
Bermuda,BMU,2019,4.6131372
Bermuda,BMU,2020,4.8355045
Bermuda,BMU,2021,5.417269
Bermuda,BMU,2022,4.6791663
Bermuda,BMU,2023,4.634932
Bhutan,BTN,1990,29.923798
Bhutan,BTN,1991,29.494093
Bhutan,BTN,1992,29.621803
Bhutan,BTN,1993,29.749512
Bhutan,BTN,1994,29.87722
Bhutan,BTN,1995,28.890102
Bhutan,BTN,1996,30.132639
Bhutan,BTN,1997,30.26035
Bhutan,BTN,1998,30.388058
Bhutan,BTN,1999,30.515768
Bhutan,BTN,2000,31.200891
Bhutan,BTN,2001,30.307604
Bhutan,BTN,2002,30.835886
Bhutan,BTN,2003,31.63975
Bhutan,BTN,2004,31.520403
Bhutan,BTN,2005,31.979403
Bhutan,BTN,2006,30.287498
Bhutan,BTN,2007,30.058014
Bhutan,BTN,2008,31.819489
Bhutan,BTN,2009,35.651184
Bhutan,BTN,2010,30.293724
Bhutan,BTN,2011,31.402933
Bhutan,BTN,2012,32.691734
Bhutan,BTN,2013,28.490273
Bhutan,BTN,2014,32.48266
Bhutan,BTN,2015,32.258354
Bhutan,BTN,2016,29.873322
Bhutan,BTN,2017,30.730768
Bhutan,BTN,2018,33.641415
Bhutan,BTN,2019,31.729326
Bhutan,BTN,2020,32.09563
Bhutan,BTN,2021,32.476864
Bhutan,BTN,2022,25.657639
Bhutan,BTN,2023,30.072742
Bolivia,BOL,1990,93.844246
Bolivia,BOL,1991,93.90601
Bolivia,BOL,1992,91.73587
Bolivia,BOL,1993,89.565735
Bolivia,BOL,1994,87.39559
Bolivia,BOL,1995,89.68926
Bolivia,BOL,1996,83.05531
Bolivia,BOL,1997,80.88517
Bolivia,BOL,1998,78.715034
Bolivia,BOL,1999,76.54489
Bolivia,BOL,2000,72.142845
Bolivia,BOL,2001,68.81147
Bolivia,BOL,2002,71.19555
Bolivia,BOL,2003,65.23851
Bolivia,BOL,2004,66.90859
Bolivia,BOL,2005,66.48362
Bolivia,BOL,2006,43.755642
Bolivia,BOL,2007,31.01644
Bolivia,BOL,2008,30.348326
Bolivia,BOL,2009,27.277266
Bolivia,BOL,2010,38.198742
Bolivia,BOL,2011,30.280878
Bolivia,BOL,2012,26.377415
Bolivia,BOL,2013,25.16278
Bolivia,BOL,2014,26.291924
Bolivia,BOL,2015,27.15044
Bolivia,BOL,2016,28.671389
Bolivia,BOL,2017,27.723835
Bolivia,BOL,2018,26.464256
Bolivia,BOL,2019,28.923992
Bolivia,BOL,2020,31.357342
Bolivia,BOL,2021,28.117235
Bolivia,BOL,2022,30.565111
Bolivia,BOL,2023,28.13744
Bosnia and Herzegovina,BIH,1990,36.0848
Bosnia and Herzegovina,BIH,1991,35.340294
Bosnia and Herzegovina,BIH,1992,35.3358
Bosnia and Herzegovina,BIH,1993,35.331306
Bosnia and Herzegovina,BIH,1994,35.326813
Bosnia and Herzegovina,BIH,1995,33.842293
Bosnia and Herzegovina,BIH,1996,35.317825
Bosnia and Herzegovina,BIH,1997,35.31333
Bosnia and Herzegovina,BIH,1998,35.308838
Bosnia and Herzegovina,BIH,1999,35.304344
Bosnia and Herzegovina,BIH,2000,36.039864
Bosnia and Herzegovina,BIH,2001,35.456364
Bosnia and Herzegovina,BIH,2002,39.25658
Bosnia and Herzegovina,BIH,2003,42.181656
Bosnia and Herzegovina,BIH,2004,37.450344
Bosnia and Herzegovina,BIH,2005,38.38703
Bosnia and Herzegovina,BIH,2006,33.966164
Bosnia and Herzegovina,BIH,2007,31.457005
Bosnia and Herzegovina,BIH,2008,31.033731
Bosnia and Herzegovina,BIH,2009,31.679304
Bosnia and Herzegovina,BIH,2010,32.51845
Bosnia and Herzegovina,BIH,2011,34.556046
Bosnia and Herzegovina,BIH,2012,30.923851
Bosnia and Herzegovina,BIH,2013,28.461412
Bosnia and Herzegovina,BIH,2014,28.374784
Bosnia and Herzegovina,BIH,2015,31.686058
Bosnia and Herzegovina,BIH,2016,30.794487
Bosnia and Herzegovina,BIH,2017,29.51431
Bosnia and Herzegovina,BIH,2018,30.020147
Bosnia and Herzegovina,BIH,2019,25.904432
Bosnia and Herzegovina,BIH,2020,26.819921
Bosnia and Herzegovina,BIH,2021,25.601183
Bosnia and Herzegovina,BIH,2022,27.10946
Bosnia and Herzegovina,BIH,2023,26.088696
Botswana,BWA,1990,17.142063
Botswana,BWA,1991,17.090218
Botswana,BWA,1992,17.11932
Botswana,BWA,1993,17.148422
Botswana,BWA,1994,17.177525
Botswana,BWA,1995,17.04473
Botswana,BWA,1996,17.235731
Botswana,BWA,1997,17.264833
Botswana,BWA,1998,17.293936
Botswana,BWA,1999,17.32304
Botswana,BWA,2000,17.433092
Botswana,BWA,2001,19.978727
Botswana,BWA,2002,18.431374
Botswana,BWA,2003,17.36044
Botswana,BWA,2004,16.728685
Botswana,BWA,2005,18.263182
Botswana,BWA,2006,16.570995
Botswana,BWA,2007,16.129232
Botswana,BWA,2008,16.685633
Botswana,BWA,2009,16.431644
Botswana,BWA,2010,20.084278
Botswana,BWA,2011,15.540526
Botswana,BWA,2012,17.097002
Botswana,BWA,2013,16.682625
Botswana,BWA,2014,12.678301
Botswana,BWA,2015,16.628763
Botswana,BWA,2016,14.857592
Botswana,BWA,2017,14.325333
Botswana,BWA,2018,16.024263
Botswana,BWA,2019,15.005054
Botswana,BWA,2020,13.319484
Botswana,BWA,2021,13.97205
Botswana,BWA,2022,13.395537
Botswana,BWA,2023,13.24356
Brazil,BRA,1990,27.068405
Brazil,BRA,1991,27.04364
Brazil,BRA,1992,26.962513
Brazil,BRA,1993,26.881384
Brazil,BRA,1994,26.800257
Brazil,BRA,1995,26.831854
Brazil,BRA,1996,26.638
Brazil,BRA,1997,26.556873
Brazil,BRA,1998,26.475744
Brazil,BRA,1999,26.394617
Brazil,BRA,2000,26.257126
Brazil,BRA,2001,26.403042
Brazil,BRA,2002,25.943916
Brazil,BRA,2003,27.349861
Brazil,BRA,2004,26.117645
Brazil,BRA,2005,25.910887
Brazil,BRA,2006,18.870647
Brazil,BRA,2007,15.380898
Brazil,BRA,2008,15.46391
Brazil,BRA,2009,15.280685
Brazil,BRA,2010,15.159587
Brazil,BRA,2011,15.014938
Brazil,BRA,2012,13.637354
Brazil,BRA,2013,13.192112
Brazil,BRA,2014,13.157934
Brazil,BRA,2015,14.105765
Brazil,BRA,2016,13.489582
Brazil,BRA,2017,13.60496
Brazil,BRA,2018,13.331691
Brazil,BRA,2019,13.813143
Brazil,BRA,2020,13.66583
Brazil,BRA,2021,13.686964
Brazil,BRA,2022,14.946074
Brazil,BRA,2023,13.382717
Brunei,BRN,1990,10.529084
Brunei,BRN,1991,10.151038
Brunei,BRN,1992,9.998891
Brunei,BRN,1993,9.846745
Brunei,BRN,1994,9.694597
Brunei,BRN,1995,9.090652
Brunei,BRN,1996,9.390303
Brunei,BRN,1997,9.238156
Brunei,BRN,1998,9.086009
Brunei,BRN,1999,8.933862
Brunei,BRN,2000,9.007613
Brunei,BRN,2001,9.050127
Brunei,BRN,2002,9.799008
Brunei,BRN,2003,9.363428
Brunei,BRN,2004,9.662378
Brunei,BRN,2005,9.1463375
Brunei,BRN,2006,9.498099
Brunei,BRN,2007,8.993625
Brunei,BRN,2008,9.38969
Brunei,BRN,2009,13.966731
Brunei,BRN,2010,7.842915
Brunei,BRN,2011,9.716418
Brunei,BRN,2012,9.264712
Brunei,BRN,2013,8.338984
Brunei,BRN,2014,8.92713
Brunei,BRN,2015,12.904298
Brunei,BRN,2016,9.302987
Brunei,BRN,2017,6.4203467
Brunei,BRN,2018,8.474754
Brunei,BRN,2019,11.5487385
Brunei,BRN,2020,6.7736974
Brunei,BRN,2021,7.414734
Brunei,BRN,2022,7.479614
Brunei,BRN,2023,7.569223
Bulgaria,BGR,1990,31.838211
Bulgaria,BGR,1991,31.131237
Bulgaria,BGR,1992,30.806437
Bulgaria,BGR,1993,30.481636
Bulgaria,BGR,1994,30.156836
Bulgaria,BGR,1995,29.06769
Bulgaria,BGR,1996,29.507236
Bulgaria,BGR,1997,29.182436
Bulgaria,BGR,1998,28.857635
Bulgaria,BGR,1999,28.532835
Bulgaria,BGR,2000,28.590208
Bulgaria,BGR,2001,28.192606
Bulgaria,BGR,2002,31.111862
Bulgaria,BGR,2003,32.86681
Bulgaria,BGR,2004,28.63347
Bulgaria,BGR,2005,29.306393
Bulgaria,BGR,2006,29.505499
Bulgaria,BGR,2007,29.586483
Bulgaria,BGR,2008,27.943716
Bulgaria,BGR,2009,25.559813
Bulgaria,BGR,2010,25.308378
Bulgaria,BGR,2011,30.841988
Bulgaria,BGR,2012,26.219542
Bulgaria,BGR,2013,23.837711
Bulgaria,BGR,2014,24.564419
Bulgaria,BGR,2015,21.898678
Bulgaria,BGR,2016,21.39678
Bulgaria,BGR,2017,22.003178
Bulgaria,BGR,2018,22.433445
Bulgaria,BGR,2019,21.903946
Bulgaria,BGR,2020,20.497547
Bulgaria,BGR,2021,20.313784
Bulgaria,BGR,2022,22.815573
Bulgaria,BGR,2023,19.682343
Burkina Faso,BFA,1990,39.303925
Burkina Faso,BFA,1991,37.99875
Burkina Faso,BFA,1992,38.30405
Burkina Faso,BFA,1993,38.609352
Burkina Faso,BFA,1994,38.914654
Burkina Faso,BFA,1995,35.999
Burkina Faso,BFA,1996,39.525257
Burkina Faso,BFA,1997,39.830563
Burkina Faso,BFA,1998,40.135864
Burkina Faso,BFA,1999,40.441166
Burkina Faso,BFA,2000,42.356945
Burkina Faso,BFA,2001,38.150173
Burkina Faso,BFA,2002,42.770615
Burkina Faso,BFA,2003,34.23201
Burkina Faso,BFA,2004,50.079624
Burkina Faso,BFA,2005,42.954777
Burkina Faso,BFA,2006,44.427097
Burkina Faso,BFA,2007,46.14686
Burkina Faso,BFA,2008,46.74983
Burkina Faso,BFA,2009,42.02334
Burkina Faso,BFA,2010,41.70463
Burkina Faso,BFA,2011,42.704605
Burkina Faso,BFA,2012,41.988907
Burkina Faso,BFA,2013,35.571503
Burkina Faso,BFA,2014,37.445393
Burkina Faso,BFA,2015,48.71052
Burkina Faso,BFA,2016,43.2939
Burkina Faso,BFA,2017,41.276783
Burkina Faso,BFA,2018,35.91609
Burkina Faso,BFA,2019,34.08125
Burkina Faso,BFA,2020,38.731766
Burkina Faso,BFA,2021,37.33066
Burkina Faso,BFA,2022,41.55533
Burkina Faso,BFA,2023,37.324642
Burundi,BDI,1990,37.38064
Burundi,BDI,1991,37.720066
Burundi,BDI,1992,37.844223
Burundi,BDI,1993,37.968384
Burundi,BDI,1994,38.09254
Burundi,BDI,1995,38.64724
Burundi,BDI,1996,38.340862
Burundi,BDI,1997,38.46502
Burundi,BDI,1998,38.58918
Burundi,BDI,1999,38.713337
Burundi,BDI,2000,38.62223
Burundi,BDI,2001,38.223255
Burundi,BDI,2002,36.646317
Burundi,BDI,2003,36.75698
Burundi,BDI,2004,38.26098
Burundi,BDI,2005,37.183514
Burundi,BDI,2006,37.76609
Burundi,BDI,2007,39.045715
Burundi,BDI,2008,40.251637
Burundi,BDI,2009,36.867348
Burundi,BDI,2010,40.332844
Burundi,BDI,2011,40.887978
Burundi,BDI,2012,40.426582
Burundi,BDI,2013,41.305992
Burundi,BDI,2014,36.808556
Burundi,BDI,2015,39.65349
Burundi,BDI,2016,39.02707
Burundi,BDI,2017,32.544914
Burundi,BDI,2018,32.12329
Burundi,BDI,2019,39.918457
Burundi,BDI,2020,37.955963
Burundi,BDI,2021,36.847843
Burundi,BDI,2022,36.305004
Burundi,BDI,2023,35.69181
Cambodia,KHM,1990,28.365868
Cambodia,KHM,1991,27.584316
Cambodia,KHM,1992,27.429296
Cambodia,KHM,1993,27.274275
Cambodia,KHM,1994,27.119255
Cambodia,KHM,1995,25.711172
Cambodia,KHM,1996,26.809214
Cambodia,KHM,1997,26.654192
Cambodia,KHM,1998,26.499172
Cambodia,KHM,1999,26.34415
Cambodia,KHM,2000,26.815662
Cambodia,KHM,2001,25.7906
Cambodia,KHM,2002,26.818213
Cambodia,KHM,2003,25.806753
Cambodia,KHM,2004,27.619192
Cambodia,KHM,2005,27.242949
Cambodia,KHM,2006,23.46785
Cambodia,KHM,2007,21.91918
Cambodia,KHM,2008,21.74172
Cambodia,KHM,2009,19.762327
Cambodia,KHM,2010,20.486126
Cambodia,KHM,2011,21.179335
Cambodia,KHM,2012,17.932665
Cambodia,KHM,2013,21.553373
Cambodia,KHM,2014,19.628521
Cambodia,KHM,2015,17.769304
Cambodia,KHM,2016,19.305758
Cambodia,KHM,2017,18.425598
Cambodia,KHM,2018,21.512691
Cambodia,KHM,2019,18.97558
Cambodia,KHM,2020,20.936775
Cambodia,KHM,2021,19.577787
Cambodia,KHM,2022,19.833452
Cambodia,KHM,2023,19.426207
Cameroon,CMR,1990,52.589527
Cameroon,CMR,1991,50.814243
Cameroon,CMR,1992,51.180153
Cameroon,CMR,1993,51.546062
Cameroon,CMR,1994,51.911972
Cameroon,CMR,1995,47.9955
Cameroon,CMR,1996,52.643787
Cameroon,CMR,1997,53.009697
Cameroon,CMR,1998,53.375607
Cameroon,CMR,1999,53.741516
Cameroon,CMR,2000,56.248615
Cameroon,CMR,2001,47.185436
Cameroon,CMR,2002,50.30199
Cameroon,CMR,2003,48.33183
Cameroon,CMR,2004,54.905003
Cameroon,CMR,2005,51.47357
Cameroon,CMR,2006,52.498913
Cameroon,CMR,2007,54.497063
Cameroon,CMR,2008,55.279896
Cameroon,CMR,2009,53.569553
Cameroon,CMR,2010,52.89419
Cameroon,CMR,2011,52.64774
Cameroon,CMR,2012,54.644646
Cameroon,CMR,2013,52.827312
Cameroon,CMR,2014,51.639133
Cameroon,CMR,2015,61.726917
Cameroon,CMR,2016,58.147766
Cameroon,CMR,2017,58.35844
Cameroon,CMR,2018,54.4022
Cameroon,CMR,2019,52.86124
Cameroon,CMR,2020,53.477734
Cameroon,CMR,2021,53.147438
Cameroon,CMR,2022,56.629925
Cameroon,CMR,2023,55.603592
Canada,CAN,1990,9.414963
Canada,CAN,1991,9.450653
Canada,CAN,1992,9.391431
Canada,CAN,1993,9.332208
Canada,CAN,1994,9.272985
Canada,CAN,1995,9.403589
Canada,CAN,1996,9.15454
Canada,CAN,1997,9.095317
Canada,CAN,1998,9.036095
Canada,CAN,1999,8.976872
Canada,CAN,2000,8.822736
Canada,CAN,2001,8.953159
Canada,CAN,2002,8.747942
Canada,CAN,2003,8.853675
Canada,CAN,2004,8.100883
Canada,CAN,2005,8.5961895
Canada,CAN,2006,8.183283
Canada,CAN,2007,7.96326
Canada,CAN,2008,7.6885304
Canada,CAN,2009,7.3658624
Canada,CAN,2010,7.1381617
Canada,CAN,2011,7.4065723
Canada,CAN,2012,6.916027
Canada,CAN,2013,7.1443505
Canada,CAN,2014,7.459816
Canada,CAN,2015,7.3895273
Canada,CAN,2016,6.174152
Canada,CAN,2017,6.912135
Canada,CAN,2018,7.137877
Canada,CAN,2019,6.4463754
Canada,CAN,2020,6.0263953
Canada,CAN,2021,7.8376923
Canada,CAN,2022,6.389485
Canada,CAN,2023,6.550392
Cape Verde,CPV,1990,23.522339
Cape Verde,CPV,1991,23.384256
Cape Verde,CPV,1992,23.66197
Cape Verde,CPV,1993,23.939684
Cape Verde,CPV,1994,24.217398
Cape Verde,CPV,1995,23.66352
Cape Verde,CPV,1996,24.772825
Cape Verde,CPV,1997,25.050539
Cape Verde,CPV,1998,25.328253
Cape Verde,CPV,1999,25.605967
Cape Verde,CPV,2000,26.299477
Cape Verde,CPV,2001,19.553858
Cape Verde,CPV,2002,21.558876
Cape Verde,CPV,2003,18.26599
Cape Verde,CPV,2004,20.297394
Cape Verde,CPV,2005,19.848616
Cape Verde,CPV,2006,19.416094
Cape Verde,CPV,2007,20.270512
Cape Verde,CPV,2008,20.116848
Cape Verde,CPV,2009,15.398658
Cape Verde,CPV,2010,15.547961
Cape Verde,CPV,2011,19.562082
Cape Verde,CPV,2012,24.108545
Cape Verde,CPV,2013,17.01371
Cape Verde,CPV,2014,16.040276
Cape Verde,CPV,2015,25.508633
Cape Verde,CPV,2016,20.611164
Cape Verde,CPV,2017,24.375803
Cape Verde,CPV,2018,16.921833
Cape Verde,CPV,2019,18.511362
Cape Verde,CPV,2020,20.330778
Cape Verde,CPV,2021,19.08963
Cape Verde,CPV,2022,18.285109
Cape Verde,CPV,2023,20.19301
Central African Republic,CAF,1990,31.622992
Central African Republic,CAF,1991,31.71303
Central African Republic,CAF,1992,31.802399
Central African Republic,CAF,1993,31.891768
Central African Republic,CAF,1994,31.981136
Central African Republic,CAF,1995,32.071842
Central African Republic,CAF,1996,32.159874
Central African Republic,CAF,1997,32.249245
Central African Republic,CAF,1998,32.338615
Central African Republic,CAF,1999,32.427982
Central African Republic,CAF,2000,32.516685
Central African Republic,CAF,2001,31.422472
Central African Republic,CAF,2002,31.723598
Central African Republic,CAF,2003,30.332794
Central African Republic,CAF,2004,34.98165
Central African Republic,CAF,2005,31.361471
Central African Republic,CAF,2006,32.813354
Central African Republic,CAF,2007,34.485012
Central African Republic,CAF,2008,36.59767
Central African Republic,CAF,2009,38.10753
Central African Republic,CAF,2010,35.907513
Central African Republic,CAF,2011,39.222546
Central African Republic,CAF,2012,36.4657
Central African Republic,CAF,2013,38.174335
Central African Republic,CAF,2014,33.74659
Central African Republic,CAF,2015,37.406544
Central African Republic,CAF,2016,36.24536
Central African Republic,CAF,2017,35.146736
Central African Republic,CAF,2018,35.060196
Central African Republic,CAF,2019,34.04932
Central African Republic,CAF,2020,35.242275
Central African Republic,CAF,2021,33.257744
Central African Republic,CAF,2022,32.63681
Central African Republic,CAF,2023,33.285885
Chad,TCD,1990,44.481464
Chad,TCD,1991,42.812347
Chad,TCD,1992,42.934135
Chad,TCD,1993,43.05592
Chad,TCD,1994,43.177708
Chad,TCD,1995,39.717686
Chad,TCD,1996,43.421276
Chad,TCD,1997,43.543064
Chad,TCD,1998,43.66485
Chad,TCD,1999,43.786636
Chad,TCD,2000,45.699326
Chad,TCD,2001,40.535908
Chad,TCD,2002,43.620087
Chad,TCD,2003,42.415684
Chad,TCD,2004,47.063503
Chad,TCD,2005,45.435112
Chad,TCD,2006,46.20278
Chad,TCD,2007,45.460464
Chad,TCD,2008,45.11606
Chad,TCD,2009,45.177586
Chad,TCD,2010,43.43067
Chad,TCD,2011,44.86997
Chad,TCD,2012,43.961006
Chad,TCD,2013,42.920418
Chad,TCD,2014,42.63945
Chad,TCD,2015,53.010532
Chad,TCD,2016,49.54723
Chad,TCD,2017,47.835526
Chad,TCD,2018,43.871674
Chad,TCD,2019,41.553642
Chad,TCD,2020,41.44935
Chad,TCD,2021,40.24918
Chad,TCD,2022,42.41351
Chad,TCD,2023,42.959526
Chile,CHL,1990,26.750822
Chile,CHL,1991,26.41517
Chile,CHL,1992,26.482187
Chile,CHL,1993,26.549204
Chile,CHL,1994,26.61622
Chile,CHL,1995,25.877901
Chile,CHL,1996,26.750254
Chile,CHL,1997,26.817268
Chile,CHL,1998,26.884285
Chile,CHL,1999,26.951302
Chile,CHL,2000,27.420986
Chile,CHL,2001,27.411604
Chile,CHL,2002,27.12014
Chile,CHL,2003,27.112597
Chile,CHL,2004,25.975527
Chile,CHL,2005,25.590914
Chile,CHL,2006,22.774204
Chile,CHL,2007,21.679317
Chile,CHL,2008,21.81975
Chile,CHL,2009,21.737232
Chile,CHL,2010,21.598528
Chile,CHL,2011,23.882053
Chile,CHL,2012,21.565271
Chile,CHL,2013,21.40233
Chile,CHL,2014,21.808718
Chile,CHL,2015,22.621037
Chile,CHL,2016,22.464973
Chile,CHL,2017,21.660315
Chile,CHL,2018,20.599787
Chile,CHL,2019,20.75545
Chile,CHL,2020,20.01027
Chile,CHL,2021,22.063486
Chile,CHL,2022,29.170523
Chile,CHL,2023,23.103249
China,CHN,1990,43.06105
China,CHN,1991,42.843685
China,CHN,1992,43.068016
China,CHN,1993,43.292347
China,CHN,1994,43.516674
China,CHN,1995,42.85761
China,CHN,1996,43.965336
China,CHN,1997,44.189667
China,CHN,1998,44.413998
China,CHN,1999,44.63833
China,CHN,2000,45.304356
China,CHN,2001,45.69875
China,CHN,2002,46.12891
China,CHN,2003,45.739746
China,CHN,2004,45.255028
China,CHN,2005,46.132854
China,CHN,2006,49.947025
China,CHN,2007,51.673473
China,CHN,2008,51.088238
China,CHN,2009,49.94222
China,CHN,2010,48.9504
China,CHN,2011,52.72723
China,CHN,2012,48.65782
China,CHN,2013,51.749783
China,CHN,2014,52.50966
China,CHN,2015,49.47322
China,CHN,2016,45.28061
China,CHN,2017,43.091103
China,CHN,2018,38.505753
China,CHN,2019,37.202446
China,CHN,2020,33.690704
China,CHN,2021,31.918522
China,CHN,2022,31.895775
China,CHN,2023,31.991575
Colombia,COL,1990,30.735119
Colombia,COL,1991,30.529556
Colombia,COL,1992,30.397575
Colombia,COL,1993,30.265596
Colombia,COL,1994,30.133617
Colombia,COL,1995,29.854473
Colombia,COL,1996,29.869658
Colombia,COL,1997,29.737677
Colombia,COL,1998,29.605698
Colombia,COL,1999,29.473719
Colombia,COL,2000,29.41532
Colombia,COL,2001,25.460203
Colombia,COL,2002,26.015472
Colombia,COL,2003,27.516014
Colombia,COL,2004,24.90056
Colombia,COL,2005,24.601637
Colombia,COL,2006,20.988018
Colombia,COL,2007,18.913876
Colombia,COL,2008,19.005495
Colombia,COL,2009,18.949574
Colombia,COL,2010,20.615576
Colombia,COL,2011,19.423378
Colombia,COL,2012,18.56844
Colombia,COL,2013,18.49549
Colombia,COL,2014,19.138988
Colombia,COL,2015,19.234858
Colombia,COL,2016,19.673872
Colombia,COL,2017,18.457157
Colombia,COL,2018,18.386019
Colombia,COL,2019,19.706724
Colombia,COL,2020,19.167614
Colombia,COL,2021,16.664028
Colombia,COL,2022,18.852718
Colombia,COL,2023,18.356619
Comoros,COM,1990,10.056487
Comoros,COM,1991,9.891987
Comoros,COM,1992,10.05769
Comoros,COM,1993,10.223392
Comoros,COM,1994,10.389094
Comoros,COM,1995,9.89439
Comoros,COM,1996,10.7205
Comoros,COM,1997,10.886203
Comoros,COM,1998,11.051906
Comoros,COM,1999,11.217608
Comoros,COM,2000,11.713515
Comoros,COM,2001,12.694101
Comoros,COM,2002,11.75667
Comoros,COM,2003,11.95588
Comoros,COM,2004,11.353716
Comoros,COM,2005,11.458627
Comoros,COM,2006,11.90193
Comoros,COM,2007,11.95606
Comoros,COM,2008,11.846777
Comoros,COM,2009,11.642606
Comoros,COM,2010,11.990893
Comoros,COM,2011,11.058268
Comoros,COM,2012,11.259716
Comoros,COM,2013,11.825801
Comoros,COM,2014,9.178417
Comoros,COM,2015,9.367397
Comoros,COM,2016,9.674111
Comoros,COM,2017,10.946575
Comoros,COM,2018,10.69705
Comoros,COM,2019,10.596692
Comoros,COM,2020,10.220972
Comoros,COM,2021,9.931692
Comoros,COM,2022,12.035699
Comoros,COM,2023,10.172758
Congo,COG,1990,33.33258
Congo,COG,1991,33.750633
Congo,COG,1992,34.139034
Congo,COG,1993,34.527435
Congo,COG,1994,34.915833
Congo,COG,1995,35.36354
Congo,COG,1996,35.692635
Congo,COG,1997,36.08103
Congo,COG,1998,36.469433
Congo,COG,1999,36.85783
Congo,COG,2000,37.21658
Congo,COG,2001,39.8528
Congo,COG,2002,38.18307
Congo,COG,2003,39.7185
Congo,COG,2004,41.034546
Congo,COG,2005,39.56255
Congo,COG,2006,32.433975
Congo,COG,2007,32.185276
Congo,COG,2008,34.532093
Congo,COG,2009,35.293015
Congo,COG,2010,38.281532
Congo,COG,2011,36.077087
Congo,COG,2012,36.216766
Congo,COG,2013,40.127625
Congo,COG,2014,36.43061
Congo,COG,2015,37.689564
Congo,COG,2016,36.12003
Congo,COG,2017,32.866146
Congo,COG,2018,35.044186
Congo,COG,2019,35.55389
Congo,COG,2020,37.38089
Congo,COG,2021,36.745674
Congo,COG,2022,37.57468
Congo,COG,2023,36.54035
Costa Rica,CRI,1990,20.099987
Costa Rica,CRI,1991,19.93515
Costa Rica,CRI,1992,20.002352
Costa Rica,CRI,1993,20.069553
Costa Rica,CRI,1994,20.136753
Costa Rica,CRI,1995,19.739878
Costa Rica,CRI,1996,20.271156
Costa Rica,CRI,1997,20.338358
Costa Rica,CRI,1998,20.40556
Costa Rica,CRI,1999,20.472761
Costa Rica,CRI,2000,20.772001
Costa Rica,CRI,2001,20.086864
Costa Rica,CRI,2002,20.48538
Costa Rica,CRI,2003,20.721083
Costa Rica,CRI,2004,19.033327
Costa Rica,CRI,2005,19.523802
Costa Rica,CRI,2006,18.869625
Costa Rica,CRI,2007,18.58858
Costa Rica,CRI,2008,18.804493
Costa Rica,CRI,2009,19.139786
Costa Rica,CRI,2010,19.958508
Costa Rica,CRI,2011,19.311235
Costa Rica,CRI,2012,18.555656
Costa Rica,CRI,2013,19.054049
Costa Rica,CRI,2014,18.361614
Costa Rica,CRI,2015,19.053427
Costa Rica,CRI,2016,18.26254
Costa Rica,CRI,2017,18.35369
Costa Rica,CRI,2018,17.619957
Costa Rica,CRI,2019,17.841295
Costa Rica,CRI,2020,17.967781
Costa Rica,CRI,2021,18.05499
Costa Rica,CRI,2022,18.241308
Costa Rica,CRI,2023,17.697983
Cote d'Ivoire,CIV,1990,25.130766
Cote d'Ivoire,CIV,1991,23.792458
Cote d'Ivoire,CIV,1992,23.881876
Cote d'Ivoire,CIV,1993,23.971296
Cote d'Ivoire,CIV,1994,24.060715
Cote d'Ivoire,CIV,1995,21.294676
Cote d'Ivoire,CIV,1996,24.239553
Cote d'Ivoire,CIV,1997,24.328974
Cote d'Ivoire,CIV,1998,24.418394
Cote d'Ivoire,CIV,1999,24.507812
Cote d'Ivoire,CIV,2000,26.024961
Cote d'Ivoire,CIV,2001,20.546824
Cote d'Ivoire,CIV,2002,24.665209
Cote d'Ivoire,CIV,2003,20.205828
Cote d'Ivoire,CIV,2004,30.807745
Cote d'Ivoire,CIV,2005,24.448835
Cote d'Ivoire,CIV,2006,24.426456
Cote d'Ivoire,CIV,2007,25.727612
Cote d'Ivoire,CIV,2008,26.357445
Cote d'Ivoire,CIV,2009,23.528074
Cote d'Ivoire,CIV,2010,20.085485
Cote d'Ivoire,CIV,2011,24.188011
Cote d'Ivoire,CIV,2012,22.457825
Cote d'Ivoire,CIV,2013,18.498795
Cote d'Ivoire,CIV,2014,17.67478
Cote d'Ivoire,CIV,2015,26.218239
Cote d'Ivoire,CIV,2016,23.774553
Cote d'Ivoire,CIV,2017,21.434143
Cote d'Ivoire,CIV,2018,19.879843
Cote d'Ivoire,CIV,2019,18.81558
Cote d'Ivoire,CIV,2020,22.05561
Cote d'Ivoire,CIV,2021,21.35402
Cote d'Ivoire,CIV,2022,21.830671
Cote d'Ivoire,CIV,2023,20.38732
Croatia,HRV,1990,27.74089
Croatia,HRV,1991,27.423117
Croatia,HRV,1992,27.069727
Croatia,HRV,1993,26.716337
Croatia,HRV,1994,26.362947
Croatia,HRV,1995,26.080788
Croatia,HRV,1996,25.656168
Croatia,HRV,1997,25.302778
Croatia,HRV,1998,24.949389
Croatia,HRV,1999,24.596
Croatia,HRV,2000,24.206995
Croatia,HRV,2001,23.883131
Croatia,HRV,2002,27.348188
Croatia,HRV,2003,29.139915
Croatia,HRV,2004,25.084213
Croatia,HRV,2005,26.599012
Croatia,HRV,2006,23.694479
Croatia,HRV,2007,21.869131
Croatia,HRV,2008,20.680204
Croatia,HRV,2009,21.075308
Croatia,HRV,2010,21.131826
Croatia,HRV,2011,24.267057
Croatia,HRV,2012,20.597496
Croatia,HRV,2013,19.46595
Croatia,HRV,2014,18.233788
Croatia,HRV,2015,20.40133
Croatia,HRV,2016,19.510303
Croatia,HRV,2017,18.828392
Croatia,HRV,2018,19.690413
Croatia,HRV,2019,16.350185
Croatia,HRV,2020,15.536369
Croatia,HRV,2021,15.831198
Croatia,HRV,2022,16.833351
Croatia,HRV,2023,15.77867
Cuba,CUB,1990,11.4184475
Cuba,CUB,1991,11.352929
Cuba,CUB,1992,11.402789
Cuba,CUB,1993,11.452648
Cuba,CUB,1994,11.502508
Cuba,CUB,1995,11.321612
Cuba,CUB,1996,11.602227
Cuba,CUB,1997,11.652086
Cuba,CUB,1998,11.701946
Cuba,CUB,1999,11.751805
Cuba,CUB,2000,11.917043
Cuba,CUB,2001,11.526858
Cuba,CUB,2002,11.899494
Cuba,CUB,2003,11.121356
Cuba,CUB,2004,10.52314
Cuba,CUB,2005,10.893468
Cuba,CUB,2006,10.733337
Cuba,CUB,2007,10.237486
Cuba,CUB,2008,9.961437
Cuba,CUB,2009,9.701499
Cuba,CUB,2010,9.657588
Cuba,CUB,2011,10.503079
Cuba,CUB,2012,9.313865
Cuba,CUB,2013,9.4155035
Cuba,CUB,2014,9.115602
Cuba,CUB,2015,9.345896
Cuba,CUB,2016,9.082784
Cuba,CUB,2017,9.554499
Cuba,CUB,2018,9.738219
Cuba,CUB,2019,9.262145
Cuba,CUB,2020,9.975779
Cuba,CUB,2021,9.826244
Cuba,CUB,2022,9.40611
Cuba,CUB,2023,9.448016
Cyprus,CYP,1990,25.418694
Cyprus,CYP,1991,26.242203
Cyprus,CYP,1992,26.449291
Cyprus,CYP,1993,26.65638
Cyprus,CYP,1994,26.863468
Cyprus,CYP,1995,28.303396
Cyprus,CYP,1996,27.277647
Cyprus,CYP,1997,27.484735
Cyprus,CYP,1998,27.691824
Cyprus,CYP,1999,27.898912
Cyprus,CYP,2000,27.489582
Cyprus,CYP,2001,26.901701
Cyprus,CYP,2002,26.885912
Cyprus,CYP,2003,28.160368
Cyprus,CYP,2004,26.13658
Cyprus,CYP,2005,26.163189
Cyprus,CYP,2006,21.81298
Cyprus,CYP,2007,20.358362
Cyprus,CYP,2008,21.05495
Cyprus,CYP,2009,21.250843
Cyprus,CYP,2010,22.21284
Cyprus,CYP,2011,23.680216
Cyprus,CYP,2012,24.854956
Cyprus,CYP,2013,18.471851
Cyprus,CYP,2014,18.530422
Cyprus,CYP,2015,17.928179
Cyprus,CYP,2016,16.682615
Cyprus,CYP,2017,17.63143
Cyprus,CYP,2018,15.843425
Cyprus,CYP,2019,16.488895
Cyprus,CYP,2020,16.882944
Cyprus,CYP,2021,16.406424
Cyprus,CYP,2022,21.396767
Cyprus,CYP,2023,16.06916
Czechia,CZE,1990,26.829311
Czechia,CZE,1991,26.453274
Czechia,CZE,1992,25.868185
Czechia,CZE,1993,25.283096
Czechia,CZE,1994,24.698008
Czechia,CZE,1995,24.531021
Czechia,CZE,1996,23.52783
Czechia,CZE,1997,22.942741
Czechia,CZE,1998,22.357653
Czechia,CZE,1999,21.772564
Czechia,CZE,2000,20.978424
Czechia,CZE,2001,21.599775
Czechia,CZE,2002,23.943298
Czechia,CZE,2003,24.817331
Czechia,CZE,2004,21.447325
Czechia,CZE,2005,22.84584
Czechia,CZE,2006,21.279964
Czechia,CZE,2007,19.745678
Czechia,CZE,2008,18.178146
Czechia,CZE,2009,19.235426
Czechia,CZE,2010,21.629076
Czechia,CZE,2011,20.58949
Czechia,CZE,2012,18.36497
Czechia,CZE,2013,19.167261
Czechia,CZE,2014,18.681046
Czechia,CZE,2015,16.773802
Czechia,CZE,2016,16.537712
Czechia,CZE,2017,16.450356
Czechia,CZE,2018,17.688978
Czechia,CZE,2019,13.419654
Czechia,CZE,2020,12.767926
Czechia,CZE,2021,13.927163
Czechia,CZE,2022,12.850111
Czechia,CZE,2023,12.748759
Democratic Republic of Congo,COD,1990,35.715755
Democratic Republic of Congo,COD,1991,36.10472
Democratic Republic of Congo,COD,1992,36.26355
Democratic Republic of Congo,COD,1993,36.422375
Democratic Republic of Congo,COD,1994,36.581203
Democratic Republic of Congo,COD,1995,37.20031
Democratic Republic of Congo,COD,1996,36.898857
Democratic Republic of Congo,COD,1997,37.057682
Democratic Republic of Congo,COD,1998,37.21651
Democratic Republic of Congo,COD,1999,37.375336
Democratic Republic of Congo,COD,2000,37.304024
Democratic Republic of Congo,COD,2001,39.476204
Democratic Republic of Congo,COD,2002,38.77073
Democratic Republic of Congo,COD,2003,38.685497
Democratic Republic of Congo,COD,2004,40.82266
Democratic Republic of Congo,COD,2005,39.559765
Democratic Republic of Congo,COD,2006,35.5554
Democratic Republic of Congo,COD,2007,35.10194
Democratic Republic of Congo,COD,2008,36.529903
Democratic Republic of Congo,COD,2009,36.584564
Democratic Republic of Congo,COD,2010,39.910423
Democratic Republic of Congo,COD,2011,37.505005
Democratic Republic of Congo,COD,2012,40.510853
Democratic Republic of Congo,COD,2013,41.389904
Democratic Republic of Congo,COD,2014,36.361134
Democratic Republic of Congo,COD,2015,40.494297
Democratic Republic of Congo,COD,2016,36.960663
Democratic Republic of Congo,COD,2017,32.73662
Democratic Republic of Congo,COD,2018,33.494633
Democratic Republic of Congo,COD,2019,37.4094
Democratic Republic of Congo,COD,2020,36.242294
Democratic Republic of Congo,COD,2021,36.846344
Democratic Republic of Congo,COD,2022,36.83331
Democratic Republic of Congo,COD,2023,35.812504
Denmark,DNK,1990,16.947691
Denmark,DNK,1991,16.747814
Denmark,DNK,1992,16.547663
Denmark,DNK,1993,16.347513
Denmark,DNK,1994,16.147362
Denmark,DNK,1995,15.94776
Denmark,DNK,1996,15.74706
Denmark,DNK,1997,15.546909
Denmark,DNK,1998,15.346759
Denmark,DNK,1999,15.146608
Denmark,DNK,2000,14.946183
Denmark,DNK,2001,12.69943
Denmark,DNK,2002,13.849084
Denmark,DNK,2003,15.272687
Denmark,DNK,2004,12.693541
Denmark,DNK,2005,13.557463
Denmark,DNK,2006,12.069917
Denmark,DNK,2007,11.142692
Denmark,DNK,2008,10.923699
Denmark,DNK,2009,11.417805
Denmark,DNK,2010,11.364555
Denmark,DNK,2011,13.461092
Denmark,DNK,2012,9.66883
Denmark,DNK,2013,9.176123
Denmark,DNK,2014,11.032343
Denmark,DNK,2015,9.097056
Denmark,DNK,2016,8.700106
Denmark,DNK,2017,8.492139
Denmark,DNK,2018,10.299935
Denmark,DNK,2019,9.088628
Denmark,DNK,2020,7.566998
Denmark,DNK,2021,7.8323317
Denmark,DNK,2022,8.204152
Denmark,DNK,2023,7.502647
Djibouti,DJI,1990,36.547398
Djibouti,DJI,1991,35.396545
Djibouti,DJI,1992,35.866512
Djibouti,DJI,1993,36.336483
Djibouti,DJI,1994,36.80645
Djibouti,DJI,1995,34.03478
Djibouti,DJI,1996,37.746384
Djibouti,DJI,1997,38.21635
Djibouti,DJI,1998,38.68632
Djibouti,DJI,1999,39.15629
Djibouti,DJI,2000,41.247074
Djibouti,DJI,2001,40.86412
Djibouti,DJI,2002,39.69961
Djibouti,DJI,2003,36.48045
Djibouti,DJI,2004,37.454144
Djibouti,DJI,2005,36.908985
Djibouti,DJI,2006,36.38933
Djibouti,DJI,2007,37.155163
Djibouti,DJI,2008,37.74789
Djibouti,DJI,2009,37.379223
Djibouti,DJI,2010,38.104515
Djibouti,DJI,2011,43.70354
Djibouti,DJI,2012,46.864956
Djibouti,DJI,2013,43.875618
Djibouti,DJI,2014,38.76233
Djibouti,DJI,2015,43.39052
Djibouti,DJI,2016,40.518696
Djibouti,DJI,2017,43.754177
Djibouti,DJI,2018,40.951294
Djibouti,DJI,2019,41.11774
Djibouti,DJI,2020,39.828934
Djibouti,DJI,2021,36.214386
Djibouti,DJI,2022,39.044712
Djibouti,DJI,2023,40.29743
Dominica,DMA,1990,12.966118
Dominica,DMA,1991,12.995302
Dominica,DMA,1992,12.989991
Dominica,DMA,1993,12.98468
Dominica,DMA,1994,12.979369
Dominica,DMA,1995,13.043048
Dominica,DMA,1996,12.968747
Dominica,DMA,1997,12.963436
Dominica,DMA,1998,12.958126
Dominica,DMA,1999,12.952815
Dominica,DMA,2000,12.913009
Dominica,DMA,2001,12.699459
Dominica,DMA,2002,13.188887
Dominica,DMA,2003,11.908866
Dominica,DMA,2004,11.32357
Dominica,DMA,2005,11.974969
Dominica,DMA,2006,12.122619
Dominica,DMA,2007,11.646383
Dominica,DMA,2008,11.755975
Dominica,DMA,2009,12.504065
Dominica,DMA,2010,13.191198
Dominica,DMA,2011,11.613054
Dominica,DMA,2012,12.376943
Dominica,DMA,2013,10.1184025
Dominica,DMA,2014,8.978173
Dominica,DMA,2015,12.114099
Dominica,DMA,2016,12.751617
Dominica,DMA,2017,12.406925
Dominica,DMA,2018,12.304883
Dominica,DMA,2019,11.011087
Dominica,DMA,2020,11.470837
Dominica,DMA,2021,12.370481
Dominica,DMA,2022,11.156157
Dominica,DMA,2023,11.516576
Dominican Republic,DOM,1990,13.481539
Dominican Republic,DOM,1991,13.363124
Dominican Republic,DOM,1992,13.548221
Dominican Republic,DOM,1993,13.733317
Dominican Republic,DOM,1994,13.918413
Dominican Republic,DOM,1995,13.496487
Dominican Republic,DOM,1996,14.288607
Dominican Republic,DOM,1997,14.473702
Dominican Republic,DOM,1998,14.658799
Dominican Republic,DOM,1999,14.843896
Dominican Republic,DOM,2000,15.332504
Dominican Republic,DOM,2001,14.184131
Dominican Republic,DOM,2002,14.772587
Dominican Republic,DOM,2003,14.424089
Dominican Republic,DOM,2004,12.913716
Dominican Republic,DOM,2005,14.056175
Dominican Republic,DOM,2006,13.725013
Dominican Republic,DOM,2007,13.097684
Dominican Republic,DOM,2008,12.770615
Dominican Republic,DOM,2009,12.301298
Dominican Republic,DOM,2010,13.658649
Dominican Republic,DOM,2011,12.37192
Dominican Republic,DOM,2012,11.904711
Dominican Republic,DOM,2013,12.130155
Dominican Republic,DOM,2014,12.779822
Dominican Republic,DOM,2015,13.023806
Dominican Republic,DOM,2016,13.116417
Dominican Republic,DOM,2017,14.018454
Dominican Republic,DOM,2018,13.970053
Dominican Republic,DOM,2019,13.269482
Dominican Republic,DOM,2020,12.889664
Dominican Republic,DOM,2021,13.666329
Dominican Republic,DOM,2022,12.828191
Dominican Republic,DOM,2023,13.512764
East Asia and Pacific (WB),WB_EAP,1990,37.792957
East Asia and Pacific (WB),WB_EAP,1991,37.45924
East Asia and Pacific (WB),WB_EAP,1992,37.503956
East Asia and Pacific (WB),WB_EAP,1993,37.545513
East Asia and Pacific (WB),WB_EAP,1994,37.584145
East Asia and Pacific (WB),WB_EAP,1995,36.85204
East Asia and Pacific (WB),WB_EAP,1996,37.65114
East Asia and Pacific (WB),WB_EAP,1997,37.680904
East Asia and Pacific (WB),WB_EAP,1998,37.70852
East Asia and Pacific (WB),WB_EAP,1999,37.736866
East Asia and Pacific (WB),WB_EAP,2000,38.145233
East Asia and Pacific (WB),WB_EAP,2001,37.95708
East Asia and Pacific (WB),WB_EAP,2002,38.400627
East Asia and Pacific (WB),WB_EAP,2003,37.809067
East Asia and Pacific (WB),WB_EAP,2004,37.981094
East Asia and Pacific (WB),WB_EAP,2005,38.31294
East Asia and Pacific (WB),WB_EAP,2006,39.81698
East Asia and Pacific (WB),WB_EAP,2007,40.294853
East Asia and Pacific (WB),WB_EAP,2008,39.80967
East Asia and Pacific (WB),WB_EAP,2009,39.267212
East Asia and Pacific (WB),WB_EAP,2010,37.95078
East Asia and Pacific (WB),WB_EAP,2011,40.497936
East Asia and Pacific (WB),WB_EAP,2012,37.827095
East Asia and Pacific (WB),WB_EAP,2013,39.818798
East Asia and Pacific (WB),WB_EAP,2014,40.861546
East Asia and Pacific (WB),WB_EAP,2015,38.974503
East Asia and Pacific (WB),WB_EAP,2016,35.735085
East Asia and Pacific (WB),WB_EAP,2017,33.85045
East Asia and Pacific (WB),WB_EAP,2018,31.390938
East Asia and Pacific (WB),WB_EAP,2019,31.18627
East Asia and Pacific (WB),WB_EAP,2020,28.155521
East Asia and Pacific (WB),WB_EAP,2021,27.26667
East Asia and Pacific (WB),WB_EAP,2022,27.314272
East Asia and Pacific (WB),WB_EAP,2023,27.299318
East Timor,TLS,1990,16.605907
East Timor,TLS,1991,16.20654
East Timor,TLS,1992,16.08974
East Timor,TLS,1993,15.972943
East Timor,TLS,1994,15.856145
East Timor,TLS,1995,15.174204
East Timor,TLS,1996,15.62255
East Timor,TLS,1997,15.505752
East Timor,TLS,1998,15.388954
East Timor,TLS,1999,15.272157
East Timor,TLS,2000,15.437931
East Timor,TLS,2001,15.793418
East Timor,TLS,2002,16.4185
East Timor,TLS,2003,15.116451
East Timor,TLS,2004,16.87128
East Timor,TLS,2005,15.5513315
East Timor,TLS,2006,13.922466
East Timor,TLS,2007,13.064302
East Timor,TLS,2008,13.73871
East Timor,TLS,2009,13.953546
East Timor,TLS,2010,13.573674
East Timor,TLS,2011,15.615845
East Timor,TLS,2012,14.895848
East Timor,TLS,2013,12.014616
East Timor,TLS,2014,13.583404
East Timor,TLS,2015,12.490148
East Timor,TLS,2016,11.844514
East Timor,TLS,2017,12.826807
East Timor,TLS,2018,12.926398
East Timor,TLS,2019,13.194188
East Timor,TLS,2020,11.152725
East Timor,TLS,2021,12.9170685
East Timor,TLS,2022,12.721462
East Timor,TLS,2023,11.98744
Ecuador,ECU,1990,41.18737
Ecuador,ECU,1991,40.887295
Ecuador,ECU,1992,40.55244
Ecuador,ECU,1993,40.217587
Ecuador,ECU,1994,39.882736
Ecuador,ECU,1995,39.617435
Ecuador,ECU,1996,39.21303
Ecuador,ECU,1997,38.878178
Ecuador,ECU,1998,38.543324
Ecuador,ECU,1999,38.208473
Ecuador,ECU,2000,37.838844
Ecuador,ECU,2001,38.630596
Ecuador,ECU,2002,38.30995
Ecuador,ECU,2003,38.23442
Ecuador,ECU,2004,37.76554
Ecuador,ECU,2005,37.63311
Ecuador,ECU,2006,25.345966
Ecuador,ECU,2007,19.143269
Ecuador,ECU,2008,19.130667
Ecuador,ECU,2009,18.987036
Ecuador,ECU,2010,21.208342
Ecuador,ECU,2011,18.975708
Ecuador,ECU,2012,18.042435
Ecuador,ECU,2013,18.051737
Ecuador,ECU,2014,17.785963
Ecuador,ECU,2015,18.25825
Ecuador,ECU,2016,18.822594
Ecuador,ECU,2017,18.277895
Ecuador,ECU,2018,18.607645
Ecuador,ECU,2019,18.880438
Ecuador,ECU,2020,18.742674
Ecuador,ECU,2021,18.605495
Ecuador,ECU,2022,19.801254
Ecuador,ECU,2023,18.608448
Egypt,EGY,1990,46.53452
Egypt,EGY,1991,48.658245
Egypt,EGY,1992,48.908943
Egypt,EGY,1993,49.159645
Egypt,EGY,1994,49.410347
Egypt,EGY,1995,53.407097
Egypt,EGY,1996,49.911747
Egypt,EGY,1997,50.162445
Egypt,EGY,1998,50.413147
Egypt,EGY,1999,50.663845
Egypt,EGY,2000,49.04152
Egypt,EGY,2001,49.957466
Egypt,EGY,2002,51.84427
Egypt,EGY,2003,61.10191
Egypt,EGY,2004,57.696053
Egypt,EGY,2005,51.092155
Egypt,EGY,2006,44.41903
Egypt,EGY,2007,40.757763
Egypt,EGY,2008,40.9756
Egypt,EGY,2009,42.95634
Egypt,EGY,2010,46.32629
Egypt,EGY,2011,40.897755
Egypt,EGY,2012,42.641464
Egypt,EGY,2013,46.55548
Egypt,EGY,2014,43.59683
Egypt,EGY,2015,45.69302
Egypt,EGY,2016,45.034542
Egypt,EGY,2017,45.00864
Egypt,EGY,2018,44.918594
Egypt,EGY,2019,44.626217
Egypt,EGY,2020,39.746014
Egypt,EGY,2021,41.51383
Egypt,EGY,2022,42.20681
Egypt,EGY,2023,43.146057
El Salvador,SLV,1990,39.91557
El Salvador,SLV,1991,39.772625
El Salvador,SLV,1992,39.759476
El Salvador,SLV,1993,39.746326
El Salvador,SLV,1994,39.733173
El Salvador,SLV,1995,39.460434
El Salvador,SLV,1996,39.706875
El Salvador,SLV,1997,39.693726
El Salvador,SLV,1998,39.680573
El Salvador,SLV,1999,39.667423
El Salvador,SLV,2000,39.78407
El Salvador,SLV,2001,35.08892
El Salvador,SLV,2002,35.73392
El Salvador,SLV,2003,36.259903
El Salvador,SLV,2004,32.099808
El Salvador,SLV,2005,33.7503
El Salvador,SLV,2006,29.376257
El Salvador,SLV,2007,27.811792
El Salvador,SLV,2008,29.233366
El Salvador,SLV,2009,29.775488
El Salvador,SLV,2010,31.14955
El Salvador,SLV,2011,31.77648
El Salvador,SLV,2012,28.844969
El Salvador,SLV,2013,31.248295
El Salvador,SLV,2014,28.681498
El Salvador,SLV,2015,28.900692
El Salvador,SLV,2016,28.327272
El Salvador,SLV,2017,29.325674
El Salvador,SLV,2018,29.949497
El Salvador,SLV,2019,30.613876
El Salvador,SLV,2020,31.185858
El Salvador,SLV,2021,28.606588
El Salvador,SLV,2022,29.793837
El Salvador,SLV,2023,29.586248
Equatorial Guinea,GNQ,1990,42.520016
Equatorial Guinea,GNQ,1991,40.945114
Equatorial Guinea,GNQ,1992,40.85825
Equatorial Guinea,GNQ,1993,40.77139
Equatorial Guinea,GNQ,1994,40.68453
Equatorial Guinea,GNQ,1995,37.621586
Equatorial Guinea,GNQ,1996,40.510803
Equatorial Guinea,GNQ,1997,40.42394
Equatorial Guinea,GNQ,1998,40.33708
Equatorial Guinea,GNQ,1999,40.250217
Equatorial Guinea,GNQ,2000,41.651394
Equatorial Guinea,GNQ,2001,36.975338
Equatorial Guinea,GNQ,2002,38.015385
Equatorial Guinea,GNQ,2003,35.347595
Equatorial Guinea,GNQ,2004,38.950924
Equatorial Guinea,GNQ,2005,36.293995
Equatorial Guinea,GNQ,2006,33.066803
Equatorial Guinea,GNQ,2007,33.729824
Equatorial Guinea,GNQ,2008,36.005672
Equatorial Guinea,GNQ,2009,33.643806
Equatorial Guinea,GNQ,2010,36.5181
Equatorial Guinea,GNQ,2011,35.997543
Equatorial Guinea,GNQ,2012,37.178665
Equatorial Guinea,GNQ,2013,39.25112
Equatorial Guinea,GNQ,2014,35.015854
Equatorial Guinea,GNQ,2015,42.63131
Equatorial Guinea,GNQ,2016,42.10421
Equatorial Guinea,GNQ,2017,38.12946
Equatorial Guinea,GNQ,2018,36.147736
Equatorial Guinea,GNQ,2019,37.86491
Equatorial Guinea,GNQ,2020,40.919228
Equatorial Guinea,GNQ,2021,41.593346
Equatorial Guinea,GNQ,2022,43.625828
Equatorial Guinea,GNQ,2023,42.220806
Eritrea,ERI,1990,40.019222
Eritrea,ERI,1991,38.882797
Eritrea,ERI,1992,38.88234
Eritrea,ERI,1993,38.881878
Eritrea,ERI,1994,38.88142
Eritrea,ERI,1995,36.60903
Eritrea,ERI,1996,38.8805
Eritrea,ERI,1997,38.880043
Eritrea,ERI,1998,38.87958
Eritrea,ERI,1999,38.879124
Eritrea,ERI,2000,40.01463
Eritrea,ERI,2001,35.77582
Eritrea,ERI,2002,35.228607
Eritrea,ERI,2003,34.429024
Eritrea,ERI,2004,33.80239
Eritrea,ERI,2005,37.30496
Eritrea,ERI,2006,31.708727
Eritrea,ERI,2007,30.01306
Eritrea,ERI,2008,30.195927
Eritrea,ERI,2009,29.600332
Eritrea,ERI,2010,32.174854
Eritrea,ERI,2011,34.837666
Eritrea,ERI,2012,34.246593
Eritrea,ERI,2013,35.265022
Eritrea,ERI,2014,29.141682
Eritrea,ERI,2015,34.935364
Eritrea,ERI,2016,33.337334
Eritrea,ERI,2017,37.910767
Eritrea,ERI,2018,35.096695
Eritrea,ERI,2019,33.239132
Eritrea,ERI,2020,30.906048
Eritrea,ERI,2021,30.326048
Eritrea,ERI,2022,33.165123
Eritrea,ERI,2023,33.6568
Estonia,EST,1990,19.345533
Estonia,EST,1991,19.242517
Estonia,EST,1992,18.939041
Estonia,EST,1993,18.635567
Estonia,EST,1994,18.33209
Estonia,EST,1995,18.429535
Estonia,EST,1996,17.725142
Estonia,EST,1997,17.421665
Estonia,EST,1998,17.11819
Estonia,EST,1999,16.814714
Estonia,EST,2000,16.31078
Estonia,EST,2001,15.589208
Estonia,EST,2002,17.304268
Estonia,EST,2003,14.743914
Estonia,EST,2004,13.525638
Estonia,EST,2005,13.1754675
Estonia,EST,2006,11.319381
Estonia,EST,2007,10.323961
Estonia,EST,2008,9.884388
Estonia,EST,2009,9.458447
Estonia,EST,2010,10.470734
Estonia,EST,2011,8.579154
Estonia,EST,2012,8.667762
Estonia,EST,2013,8.442151
Estonia,EST,2014,9.370288
Estonia,EST,2015,7.2854705
Estonia,EST,2016,6.9721565
Estonia,EST,2017,6.238258
Estonia,EST,2018,8.139258
Estonia,EST,2019,6.4853916
Estonia,EST,2020,6.3839164
Estonia,EST,2021,7.2211475
Estonia,EST,2022,6.6318707
Estonia,EST,2023,5.9184456
Eswatini,SWZ,1990,19.696096
Eswatini,SWZ,1991,19.874811
Eswatini,SWZ,1992,19.881718
Eswatini,SWZ,1993,19.888624
Eswatini,SWZ,1994,19.89553
Eswatini,SWZ,1995,20.246054
Eswatini,SWZ,1996,19.909344
Eswatini,SWZ,1997,19.91625
Eswatini,SWZ,1998,19.923157
Eswatini,SWZ,1999,19.930063
Eswatini,SWZ,2000,19.765162
Eswatini,SWZ,2001,17.2863
Eswatini,SWZ,2002,16.664783
Eswatini,SWZ,2003,15.720767
Eswatini,SWZ,2004,16.4801
Eswatini,SWZ,2005,17.707678
Eswatini,SWZ,2006,18.036875
Eswatini,SWZ,2007,18.271805
Eswatini,SWZ,2008,18.476395
Eswatini,SWZ,2009,17.736721
Eswatini,SWZ,2010,20.92532
Eswatini,SWZ,2011,17.487335
Eswatini,SWZ,2012,18.505323
Eswatini,SWZ,2013,17.466166
Eswatini,SWZ,2014,15.908711
Eswatini,SWZ,2015,16.874582
Eswatini,SWZ,2016,15.327424
Eswatini,SWZ,2017,16.47062
Eswatini,SWZ,2018,16.245169
Eswatini,SWZ,2019,18.240858
Eswatini,SWZ,2020,16.735691
Eswatini,SWZ,2021,17.876234
Eswatini,SWZ,2022,18.41906
Eswatini,SWZ,2023,16.745865
Ethiopia,ETH,1990,21.31022
Ethiopia,ETH,1991,20.296051
Ethiopia,ETH,1992,20.366365
Ethiopia,ETH,1993,20.436682
Ethiopia,ETH,1994,20.506996
Ethiopia,ETH,1995,18.40834
Ethiopia,ETH,1996,20.647627
Ethiopia,ETH,1997,20.717943
Ethiopia,ETH,1998,20.788258
Ethiopia,ETH,1999,20.858574
Ethiopia,ETH,2000,22.013374
Ethiopia,ETH,2001,25.171173
Ethiopia,ETH,2002,23.77442
Ethiopia,ETH,2003,22.219677
Ethiopia,ETH,2004,22.436852
Ethiopia,ETH,2005,22.687237
Ethiopia,ETH,2006,22.954218
Ethiopia,ETH,2007,23.235247
Ethiopia,ETH,2008,23.3536
Ethiopia,ETH,2009,22.687057
Ethiopia,ETH,2010,24.166908
Ethiopia,ETH,2011,25.235008
Ethiopia,ETH,2012,24.535112
Ethiopia,ETH,2013,24.858664
Ethiopia,ETH,2014,21.773403
Ethiopia,ETH,2015,24.819464
Ethiopia,ETH,2016,23.664618
Ethiopia,ETH,2017,25.128338
Ethiopia,ETH,2018,23.935955
Ethiopia,ETH,2019,22.792442
Ethiopia,ETH,2020,23.90675
Ethiopia,ETH,2021,23.788727
Ethiopia,ETH,2022,23.526134
Ethiopia,ETH,2023,23.803282
Europe and Central Asia (WB),WB_ECA,1990,25.628988
Europe and Central Asia (WB),WB_ECA,1991,25.421934
Europe and Central Asia (WB),WB_ECA,1992,25.117174
Europe and Central Asia (WB),WB_ECA,1993,24.812077
Europe and Central Asia (WB),WB_ECA,1994,24.509336
Europe and Central Asia (WB),WB_ECA,1995,24.409544
Europe and Central Asia (WB),WB_ECA,1996,23.913668
Europe and Central Asia (WB),WB_ECA,1997,23.61958
Europe and Central Asia (WB),WB_ECA,1998,23.326675
Europe and Central Asia (WB),WB_ECA,1999,23.0322
Europe and Central Asia (WB),WB_ECA,2000,22.63449
Europe and Central Asia (WB),WB_ECA,2001,21.558432
Europe and Central Asia (WB),WB_ECA,2002,22.624954
Europe and Central Asia (WB),WB_ECA,2003,22.385654
Europe and Central Asia (WB),WB_ECA,2004,20.273245
Europe and Central Asia (WB),WB_ECA,2005,20.288301
Europe and Central Asia (WB),WB_ECA,2006,19.046028
Europe and Central Asia (WB),WB_ECA,2007,18.372868
Europe and Central Asia (WB),WB_ECA,2008,18.099747
Europe and Central Asia (WB),WB_ECA,2009,18.224075
Europe and Central Asia (WB),WB_ECA,2010,19.178347
Europe and Central Asia (WB),WB_ECA,2011,18.45323
Europe and Central Asia (WB),WB_ECA,2012,17.302887
Europe and Central Asia (WB),WB_ECA,2013,17.223364
Europe and Central Asia (WB),WB_ECA,2014,16.995964
Europe and Central Asia (WB),WB_ECA,2015,16.53026
Europe and Central Asia (WB),WB_ECA,2016,15.790343
Europe and Central Asia (WB),WB_ECA,2017,16.332188
Europe and Central Asia (WB),WB_ECA,2018,16.13511
Europe and Central Asia (WB),WB_ECA,2019,15.132161
Europe and Central Asia (WB),WB_ECA,2020,14.600463
Europe and Central Asia (WB),WB_ECA,2021,15.296069
Europe and Central Asia (WB),WB_ECA,2022,15.17901
Europe and Central Asia (WB),WB_ECA,2023,14.411144
European Union (27),OWID_EU27,1990,23.845295
European Union (27),OWID_EU27,1991,23.689728
European Union (27),OWID_EU27,1992,23.39047
European Union (27),OWID_EU27,1993,23.093956
European Union (27),OWID_EU27,1994,22.799133
European Union (27),OWID_EU27,1995,22.786757
European Union (27),OWID_EU27,1996,22.209343
European Union (27),OWID_EU27,1997,21.916489
European Union (27),OWID_EU27,1998,21.62452
European Union (27),OWID_EU27,1999,21.331758
European Union (27),OWID_EU27,2000,20.892302
European Union (27),OWID_EU27,2001,19.652811
European Union (27),OWID_EU27,2002,20.81398
European Union (27),OWID_EU27,2003,21.873951
European Union (27),OWID_EU27,2004,19.268785
European Union (27),OWID_EU27,2005,19.7523
European Union (27),OWID_EU27,2006,18.16658
European Union (27),OWID_EU27,2007,17.127583
European Union (27),OWID_EU27,2008,16.651701
European Union (27),OWID_EU27,2009,16.92451
European Union (27),OWID_EU27,2010,17.15635
European Union (27),OWID_EU27,2011,17.524002
European Union (27),OWID_EU27,2012,15.649436
European Union (27),OWID_EU27,2013,15.143187
European Union (27),OWID_EU27,2014,14.398749
European Union (27),OWID_EU27,2015,14.414789
European Union (27),OWID_EU27,2016,13.491986
European Union (27),OWID_EU27,2017,13.844687
European Union (27),OWID_EU27,2018,13.751135
European Union (27),OWID_EU27,2019,12.083593
European Union (27),OWID_EU27,2020,11.406009
European Union (27),OWID_EU27,2021,12.079911
European Union (27),OWID_EU27,2022,12.213788
European Union (27),OWID_EU27,2023,11.011178
Fiji,FJI,1990,5.6254406
Fiji,FJI,1991,5.4355187
Fiji,FJI,1992,5.5685554
Fiji,FJI,1993,5.701592
Fiji,FJI,1994,5.8346286
Fiji,FJI,1995,5.321749
Fiji,FJI,1996,6.100702
Fiji,FJI,1997,6.2337384
Fiji,FJI,1998,6.366775
Fiji,FJI,1999,6.4998116
Fiji,FJI,2000,6.9558063
Fiji,FJI,2001,7.403152
Fiji,FJI,2002,7.022998
Fiji,FJI,2003,7.136134
Fiji,FJI,2004,6.6034346
Fiji,FJI,2005,6.834913
Fiji,FJI,2006,6.914498
Fiji,FJI,2007,7.187727
Fiji,FJI,2008,7.170586
Fiji,FJI,2009,6.432376
Fiji,FJI,2010,6.885635
Fiji,FJI,2011,6.7600822
Fiji,FJI,2012,6.444182
Fiji,FJI,2013,6.3417635
Fiji,FJI,2014,5.4943395
Fiji,FJI,2015,6.1175523
Fiji,FJI,2016,5.8514795
Fiji,FJI,2017,7.1862125
Fiji,FJI,2018,6.590124
Fiji,FJI,2019,6.9547033
Fiji,FJI,2020,6.0838213
Fiji,FJI,2021,5.975189
Fiji,FJI,2022,7.362543
Fiji,FJI,2023,6.448721
Finland,FIN,1990,10.511313
Finland,FIN,1991,10.4691105
Finland,FIN,1992,10.359998
Finland,FIN,1993,10.250884
Finland,FIN,1994,10.14177
Finland,FIN,1995,10.166479
Finland,FIN,1996,9.923544
Finland,FIN,1997,9.814431
Finland,FIN,1998,9.7053175
Finland,FIN,1999,9.596205
Finland,FIN,2000,9.42018
Finland,FIN,2001,8.712139
Finland,FIN,2002,8.722617
Finland,FIN,2003,9.391679
Finland,FIN,2004,8.476828
Finland,FIN,2005,8.864451
Finland,FIN,2006,8.501757
Finland,FIN,2007,7.7496424
Finland,FIN,2008,7.2539783
Finland,FIN,2009,7.044024
Finland,FIN,2010,7.6665087
Finland,FIN,2011,6.908547
Finland,FIN,2012,6.69926
Finland,FIN,2013,6.2869797
Finland,FIN,2014,7.357472
Finland,FIN,2015,5.6970615
Finland,FIN,2016,5.4069395
Finland,FIN,2017,4.743941
Finland,FIN,2018,5.8465157
Finland,FIN,2019,5.217402
Finland,FIN,2020,4.9523315
Finland,FIN,2021,5.261095
Finland,FIN,2022,5.1185675
Finland,FIN,2023,4.566639
France,FRA,1990,19.613022
France,FRA,1991,19.58412
France,FRA,1992,19.411112
France,FRA,1993,19.238102
France,FRA,1994,19.065094
France,FRA,1995,19.1803
France,FRA,1996,18.719078
France,FRA,1997,18.546068
France,FRA,1998,18.37306
France,FRA,1999,18.200052
France,FRA,2000,17.882936
France,FRA,2001,17.169178
France,FRA,2002,16.749737
France,FRA,2003,18.650946
France,FRA,2004,16.17144
France,FRA,2005,16.546848
France,FRA,2006,14.46671
France,FRA,2007,13.828915
France,FRA,2008,14.540348
France,FRA,2009,15.646138
France,FRA,2010,15.869666
France,FRA,2011,15.492053
France,FRA,2012,13.932332
France,FRA,2013,14.290754
France,FRA,2014,11.347953
France,FRA,2015,12.048187
France,FRA,2016,11.037809
France,FRA,2017,10.619059
France,FRA,2018,10.510782
France,FRA,2019,9.4182415
France,FRA,2020,8.778
France,FRA,2021,9.936273
France,FRA,2022,10.383662
France,FRA,2023,8.227386
Gabon,GAB,1990,28.524591
Gabon,GAB,1991,28.362837
Gabon,GAB,1992,28.458345
Gabon,GAB,1993,28.553854
Gabon,GAB,1994,28.649363
Gabon,GAB,1995,28.230347
Gabon,GAB,1996,28.84038
Gabon,GAB,1997,28.935888
Gabon,GAB,1998,29.031397
Gabon,GAB,1999,29.126905
Gabon,GAB,2000,29.479677
Gabon,GAB,2001,28.562454
Gabon,GAB,2002,28.983023
Gabon,GAB,2003,28.319916
Gabon,GAB,2004,29.113785
Gabon,GAB,2005,28.960823
Gabon,GAB,2006,25.304878
Gabon,GAB,2007,25.908825
Gabon,GAB,2008,27.898514
Gabon,GAB,2009,27.007153
Gabon,GAB,2010,29.058449
Gabon,GAB,2011,28.94025
Gabon,GAB,2012,29.564848
Gabon,GAB,2013,32.0768
Gabon,GAB,2014,28.711575
Gabon,GAB,2015,31.158356
Gabon,GAB,2016,32.006397
Gabon,GAB,2017,27.99878
Gabon,GAB,2018,28.48011
Gabon,GAB,2019,29.330559
Gabon,GAB,2020,31.27819
Gabon,GAB,2021,30.454842
Gabon,GAB,2022,32.185368
Gabon,GAB,2023,31.321592
Gambia,GMB,1990,41.924236
Gambia,GMB,1991,41.584854
Gambia,GMB,1992,41.526882
Gambia,GMB,1993,41.46891
Gambia,GMB,1994,41.410934
Gambia,GMB,1995,40.79014
Gambia,GMB,1996,41.29499
Gambia,GMB,1997,41.23702
Gambia,GMB,1998,41.179047
Gambia,GMB,1999,41.121075
Gambia,GMB,2000,41.344513
Gambia,GMB,2001,35.07773
Gambia,GMB,2002,40.822388
Gambia,GMB,2003,37.573334
Gambia,GMB,2004,41.54901
Gambia,GMB,2005,36.69341
Gambia,GMB,2006,37.642548
Gambia,GMB,2007,39.32533
Gambia,GMB,2008,39.288696
Gambia,GMB,2009,34.4537
Gambia,GMB,2010,37.627865
Gambia,GMB,2011,37.482788
Gambia,GMB,2012,43.218876
Gambia,GMB,2013,32.548485
Gambia,GMB,2014,35.946888
Gambia,GMB,2015,43.16285
Gambia,GMB,2016,38.141815
Gambia,GMB,2017,41.615276
Gambia,GMB,2018,39.16681
Gambia,GMB,2019,36.714436
Gambia,GMB,2020,37.42727
Gambia,GMB,2021,38.45028
Gambia,GMB,2022,36.141346
Gambia,GMB,2023,38.265175
Georgia,GEO,1990,21.850359
Georgia,GEO,1991,21.895216
Georgia,GEO,1992,21.748001
Georgia,GEO,1993,21.600786
Georgia,GEO,1994,21.453573
Georgia,GEO,1995,21.690502
Georgia,GEO,1996,21.159143
Georgia,GEO,1997,21.011929
Georgia,GEO,1998,20.864716
Georgia,GEO,1999,20.7175
Georgia,GEO,2000,20.378214
Georgia,GEO,2001,20.845863
Georgia,GEO,2002,19.92491
Georgia,GEO,2003,19.264078
Georgia,GEO,2004,19.01392
Georgia,GEO,2005,19.955929
Georgia,GEO,2006,19.414795
Georgia,GEO,2007,20.286697
Georgia,GEO,2008,20.487116
Georgia,GEO,2009,19.841309
Georgia,GEO,2010,21.87794
Georgia,GEO,2011,19.044928
Georgia,GEO,2012,18.521526
Georgia,GEO,2013,18.494242
Georgia,GEO,2014,20.930595
Georgia,GEO,2015,18.853825
Georgia,GEO,2016,17.372295
Georgia,GEO,2017,19.075087
Georgia,GEO,2018,18.664062
Georgia,GEO,2019,18.945621
Georgia,GEO,2020,18.947916
Georgia,GEO,2021,19.56622
Georgia,GEO,2022,19.351564
Georgia,GEO,2023,18.571167
Germany,DEU,1990,22.364592
Germany,DEU,1991,22.228613
Germany,DEU,1992,21.860514
Germany,DEU,1993,21.492413
Germany,DEU,1994,21.124311
Germany,DEU,1995,21.220457
Germany,DEU,1996,20.388111
Germany,DEU,1997,20.02001
Germany,DEU,1998,19.65191
Germany,DEU,1999,19.28381
Germany,DEU,2000,18.683586
Germany,DEU,2001,17.55734
Germany,DEU,2002,18.2295
Germany,DEU,2003,18.908278
Germany,DEU,2004,16.716946
Germany,DEU,2005,17.032753
Germany,DEU,2006,15.760103
Germany,DEU,2007,14.89386
Germany,DEU,2008,14.516991
Germany,DEU,2009,15.371248
Germany,DEU,2010,15.839674
Germany,DEU,2011,15.458584
Germany,DEU,2012,12.954531
Germany,DEU,2013,13.5556755
Germany,DEU,2014,13.427258
Germany,DEU,2015,12.134117
Germany,DEU,2016,11.795217
Germany,DEU,2017,11.900375
Germany,DEU,2018,12.272498
Germany,DEU,2019,9.957727
Germany,DEU,2020,9.060865
Germany,DEU,2021,9.904121
Germany,DEU,2022,9.648777
Germany,DEU,2023,8.81223
Ghana,GHA,1990,38.3512
Ghana,GHA,1991,36.208744
Ghana,GHA,1992,36.238243
Ghana,GHA,1993,36.267742
Ghana,GHA,1994,36.29724
Ghana,GHA,1995,31.982826
Ghana,GHA,1996,36.356236
Ghana,GHA,1997,36.385735
Ghana,GHA,1998,36.415234
Ghana,GHA,1999,36.444733
Ghana,GHA,2000,38.646187
Ghana,GHA,2001,29.811283
Ghana,GHA,2002,35.159363
Ghana,GHA,2003,28.923635
Ghana,GHA,2004,40.847107
Ghana,GHA,2005,31.505762
Ghana,GHA,2006,31.414036
Ghana,GHA,2007,33.44521
Ghana,GHA,2008,34.171238
Ghana,GHA,2009,29.400255
Ghana,GHA,2010,26.371447
Ghana,GHA,2011,30.393005
Ghana,GHA,2012,29.041864
Ghana,GHA,2013,24.206154
Ghana,GHA,2014,23.63278
Ghana,GHA,2015,33.869736
Ghana,GHA,2016,31.309538
Ghana,GHA,2017,29.35683
Ghana,GHA,2018,25.823229
Ghana,GHA,2019,25.047613
Ghana,GHA,2020,30.154367
Ghana,GHA,2021,29.29607
Ghana,GHA,2022,30.08803
Ghana,GHA,2023,28.1436
Greece,GRC,1990,25.285772
Greece,GRC,1991,25.467546
Greece,GRC,1992,25.558521
Greece,GRC,1993,25.649496
Greece,GRC,1994,25.74047
Greece,GRC,1995,26.013046
Greece,GRC,1996,25.922422
Greece,GRC,1997,26.013397
Greece,GRC,1998,26.104372
Greece,GRC,1999,26.195347
Greece,GRC,2000,26.195522
Greece,GRC,2001,24.386215
Greece,GRC,2002,25.163145
Greece,GRC,2003,26.535402
Greece,GRC,2004,23.239162
Greece,GRC,2005,24.12971
Greece,GRC,2006,21.153122
Greece,GRC,2007,20.4217
Greece,GRC,2008,20.291456
Greece,GRC,2009,18.656523
Greece,GRC,2010,18.140377
Greece,GRC,2011,18.882633
Greece,GRC,2012,17.740833
Greece,GRC,2013,15.135405
Greece,GRC,2014,15.960254
Greece,GRC,2015,15.49613
Greece,GRC,2016,15.28631
Greece,GRC,2017,15.386043
Greece,GRC,2018,15.426827
Greece,GRC,2019,15.462929
Greece,GRC,2020,14.445343
Greece,GRC,2021,15.661632
Greece,GRC,2022,16.303053
Greece,GRC,2023,14.118664
Greenland,GRL,1990,1.6527262
Greenland,GRL,1991,1.6482146
Greenland,GRL,1992,1.6361955
Greenland,GRL,1993,1.6241765
Greenland,GRL,1994,1.6121576
Greenland,GRL,1995,1.6151534
Greenland,GRL,1996,1.5881195
Greenland,GRL,1997,1.5761005
Greenland,GRL,1998,1.5640814
Greenland,GRL,1999,1.5520624
Greenland,GRL,2000,1.5325359
Greenland,GRL,2001,1.5525082
Greenland,GRL,2002,1.4585292
Greenland,GRL,2003,1.5197865
Greenland,GRL,2004,1.3868523
Greenland,GRL,2005,1.4014491
Greenland,GRL,2006,1.7019619
Greenland,GRL,2007,1.8628668
Greenland,GRL,2008,1.9147303
Greenland,GRL,2009,1.9264612
Greenland,GRL,2010,1.9809864
Greenland,GRL,2011,1.8256835
Greenland,GRL,2012,2.0842795
Greenland,GRL,2013,1.8205888
Greenland,GRL,2014,1.9279125
Greenland,GRL,2015,1.6475847
Greenland,GRL,2016,1.5820531
Greenland,GRL,2017,1.7362107
Greenland,GRL,2018,1.5060046
Greenland,GRL,2019,1.8464011
Greenland,GRL,2020,1.7113473
Greenland,GRL,2021,1.7206542
Greenland,GRL,2022,1.773278
Greenland,GRL,2023,1.636285
Grenada,GRD,1990,11.8686285
Grenada,GRD,1991,11.952755
Grenada,GRD,1992,11.9867935
Grenada,GRD,1993,12.020831
Grenada,GRD,1994,12.05487
Grenada,GRD,1995,12.189085
Grenada,GRD,1996,12.122945
Grenada,GRD,1997,12.156983
Grenada,GRD,1998,12.191021
Grenada,GRD,1999,12.2250595
Grenada,GRD,2000,12.209008
Grenada,GRD,2001,11.992714
Grenada,GRD,2002,12.493811
Grenada,GRD,2003,11.462392
Grenada,GRD,2004,10.742989
Grenada,GRD,2005,11.484308
Grenada,GRD,2006,11.337301
Grenada,GRD,2007,10.800944
Grenada,GRD,2008,11.399603
Grenada,GRD,2009,12.538711
Grenada,GRD,2010,13.311113
Grenada,GRD,2011,10.277625
Grenada,GRD,2012,12.495739
Grenada,GRD,2013,10.046715
Grenada,GRD,2014,9.417495
Grenada,GRD,2015,12.132891
Grenada,GRD,2016,11.70003
Grenada,GRD,2017,11.885429
Grenada,GRD,2018,10.6010895
Grenada,GRD,2019,10.711842
Grenada,GRD,2020,11.134087
Grenada,GRD,2021,12.351391
Grenada,GRD,2022,10.988066
Grenada,GRD,2023,11.031543
Guam,GUM,1990,4.3113265
Guam,GUM,1991,4.221864
Guam,GUM,1992,4.217499
Guam,GUM,1993,4.213133
Guam,GUM,1994,4.2087674
Guam,GUM,1995,4.0342083
Guam,GUM,1996,4.2000365
Guam,GUM,1997,4.1956706
Guam,GUM,1998,4.191305
Guam,GUM,1999,4.1869397
Guam,GUM,2000,4.267671
Guam,GUM,2001,4.414807
Guam,GUM,2002,5.1134825
Guam,GUM,2003,4.335725
Guam,GUM,2004,4.6277018
Guam,GUM,2005,3.8509548
Guam,GUM,2006,4.026563
Guam,GUM,2007,3.951803
Guam,GUM,2008,3.8721378
Guam,GUM,2009,3.9587646
Guam,GUM,2010,3.6292658
Guam,GUM,2011,4.1439214
Guam,GUM,2012,4.375658
Guam,GUM,2013,4.082668
Guam,GUM,2014,4.581725
Guam,GUM,2015,4.939363
Guam,GUM,2016,3.894577
Guam,GUM,2017,3.7909806
Guam,GUM,2018,3.528921
Guam,GUM,2019,3.2709217
Guam,GUM,2020,3.0576382
Guam,GUM,2021,3.4119873
Guam,GUM,2022,3.7249815
Guam,GUM,2023,3.470759
Guatemala,GTM,1990,39.16102
Guatemala,GTM,1991,38.914886
Guatemala,GTM,1992,38.620304
Guatemala,GTM,1993,38.32572
Guatemala,GTM,1994,38.03114
Guatemala,GTM,1995,37.833458
Guatemala,GTM,1996,37.44198
Guatemala,GTM,1997,37.147396
Guatemala,GTM,1998,36.852814
Guatemala,GTM,1999,36.558235
Guatemala,GTM,2000,36.215202
Guatemala,GTM,2001,31.873863
Guatemala,GTM,2002,31.36564
Guatemala,GTM,2003,33.073097
Guatemala,GTM,2004,28.076288
Guatemala,GTM,2005,29.28861
Guatemala,GTM,2006,27.43032
Guatemala,GTM,2007,26.75817
Guatemala,GTM,2008,28.16768
Guatemala,GTM,2009,31.588654
Guatemala,GTM,2010,28.610975
Guatemala,GTM,2011,31.96364
Guatemala,GTM,2012,29.658506
Guatemala,GTM,2013,32.018612
Guatemala,GTM,2014,27.422314
Guatemala,GTM,2015,26.891907
Guatemala,GTM,2016,30.354532
Guatemala,GTM,2017,29.943008
Guatemala,GTM,2018,28.131409
Guatemala,GTM,2019,29.377522
Guatemala,GTM,2020,31.966219
Guatemala,GTM,2021,31.16573
Guatemala,GTM,2022,28.312094
Guatemala,GTM,2023,29.679276
Guinea,GIN,1990,30.886997
Guinea,GIN,1991,30.27812
Guinea,GIN,1992,30.20839
Guinea,GIN,1993,30.138659
Guinea,GIN,1994,30.068926
Guinea,GIN,1995,28.920906
Guinea,GIN,1996,29.929462
Guinea,GIN,1997,29.859732
Guinea,GIN,1998,29.79
Guinea,GIN,1999,29.720268
Guinea,GIN,2000,30.189682
Guinea,GIN,2001,26.654827
Guinea,GIN,2002,28.276365
Guinea,GIN,2003,26.325714
Guinea,GIN,2004,33.364334
Guinea,GIN,2005,29.148014
Guinea,GIN,2006,28.837467
Guinea,GIN,2007,29.972393
Guinea,GIN,2008,31.258183
Guinea,GIN,2009,28.773548
Guinea,GIN,2010,29.854122
Guinea,GIN,2011,30.503855
Guinea,GIN,2012,29.49766
Guinea,GIN,2013,25.005428
Guinea,GIN,2014,25.971724
Guinea,GIN,2015,31.488825
Guinea,GIN,2016,30.44182
Guinea,GIN,2017,30.559084
Guinea,GIN,2018,28.864017
Guinea,GIN,2019,26.584373
Guinea,GIN,2020,27.22144
Guinea,GIN,2021,27.098482
Guinea,GIN,2022,27.6046
Guinea,GIN,2023,27.263992
Guinea-Bissau,GNB,1990,38.47508
Guinea-Bissau,GNB,1991,37.45122
Guinea-Bissau,GNB,1992,37.26195
Guinea-Bissau,GNB,1993,37.07268
Guinea-Bissau,GNB,1994,36.88341
Guinea-Bissau,GNB,1995,35.02497
Guinea-Bissau,GNB,1996,36.50487
Guinea-Bissau,GNB,1997,36.315598
Guinea-Bissau,GNB,1998,36.126328
Guinea-Bissau,GNB,1999,35.937057
Guinea-Bissau,GNB,2000,36.58237
Guinea-Bissau,GNB,2001,30.897346
Guinea-Bissau,GNB,2002,33.843563
Guinea-Bissau,GNB,2003,31.755411
Guinea-Bissau,GNB,2004,36.738182
Guinea-Bissau,GNB,2005,32.78067
Guinea-Bissau,GNB,2006,33.73235
Guinea-Bissau,GNB,2007,35.206047
Guinea-Bissau,GNB,2008,35.75834
Guinea-Bissau,GNB,2009,31.998167
Guinea-Bissau,GNB,2010,33.32206
Guinea-Bissau,GNB,2011,34.131313
Guinea-Bissau,GNB,2012,35.619625
Guinea-Bissau,GNB,2013,28.48789
Guinea-Bissau,GNB,2014,30.252407
Guinea-Bissau,GNB,2015,36.192066
Guinea-Bissau,GNB,2016,32.93663
Guinea-Bissau,GNB,2017,36.419037
Guinea-Bissau,GNB,2018,35.14873
Guinea-Bissau,GNB,2019,30.94407
Guinea-Bissau,GNB,2020,32.50287
Guinea-Bissau,GNB,2021,31.783415
Guinea-Bissau,GNB,2022,31.646454
Guinea-Bissau,GNB,2023,32.291935
Guyana,GUY,1990,23.718922
Guyana,GUY,1991,23.559359
Guyana,GUY,1992,23.854143
Guyana,GUY,1993,24.148926
Guyana,GUY,1994,24.44371
Guyana,GUY,1995,23.829798
Guyana,GUY,1996,25.03328
Guyana,GUY,1997,25.328062
Guyana,GUY,1998,25.622847
Guyana,GUY,1999,25.917631
Guyana,GUY,2000,26.666763
Guyana,GUY,2001,24.78044
Guyana,GUY,2002,24.341145
Guyana,GUY,2003,25.172977
Guyana,GUY,2004,22.257444
Guyana,GUY,2005,24.44866
Guyana,GUY,2006,19.75779
Guyana,GUY,2007,17.751593
Guyana,GUY,2008,17.759075
Guyana,GUY,2009,16.873327
Guyana,GUY,2010,18.469635
Guyana,GUY,2011,17.010271
Guyana,GUY,2012,18.078707
Guyana,GUY,2013,16.831415
Guyana,GUY,2014,16.04572
Guyana,GUY,2015,18.390163
Guyana,GUY,2016,17.457483
Guyana,GUY,2017,16.693247
Guyana,GUY,2018,15.869706
Guyana,GUY,2019,16.633501
Guyana,GUY,2020,16.620758
Guyana,GUY,2021,18.21915
Guyana,GUY,2022,17.504766
Guyana,GUY,2023,16.946226
Haiti,HTI,1990,14.179691
Haiti,HTI,1991,14.106089
Haiti,HTI,1992,14.292941
Haiti,HTI,1993,14.479794
Haiti,HTI,1994,14.666646
Haiti,HTI,1995,14.332588
Haiti,HTI,1996,15.04035
Haiti,HTI,1997,15.227202
Haiti,HTI,1998,15.414055
Haiti,HTI,1999,15.600907
Haiti,HTI,2000,16.048214
Haiti,HTI,2001,14.5529585
Haiti,HTI,2002,15.6478615
Haiti,HTI,2003,15.084309
Haiti,HTI,2004,13.820398
Haiti,HTI,2005,14.527813
Haiti,HTI,2006,14.83185
Haiti,HTI,2007,14.702996
Haiti,HTI,2008,14.543566
Haiti,HTI,2009,14.18025
Haiti,HTI,2010,16.295635
Haiti,HTI,2011,14.141151
Haiti,HTI,2012,13.682389
Haiti,HTI,2013,15.09576
Haiti,HTI,2014,15.25571
Haiti,HTI,2015,15.937878
Haiti,HTI,2016,14.918435
Haiti,HTI,2017,15.59773
Haiti,HTI,2018,15.726149
Haiti,HTI,2019,15.358358
Haiti,HTI,2020,15.859732
Haiti,HTI,2021,16.259373
Haiti,HTI,2022,14.639422
Haiti,HTI,2023,15.812759
High-income countries,OWID_HIC,1990,20.94052
High-income countries,OWID_HIC,1991,20.758127
High-income countries,OWID_HIC,1992,20.563221
High-income countries,OWID_HIC,1993,20.364544
High-income countries,OWID_HIC,1994,20.167118
High-income countries,OWID_HIC,1995,20.02775
High-income countries,OWID_HIC,1996,19.779737
High-income countries,OWID_HIC,1997,19.592262
High-income countries,OWID_HIC,1998,19.40845
High-income countries,OWID_HIC,1999,19.226368
High-income countries,OWID_HIC,2000,19.024622
High-income countries,OWID_HIC,2001,18.078114
High-income countries,OWID_HIC,2002,18.551445
High-income countries,OWID_HIC,2003,18.984343
High-income countries,OWID_HIC,2004,17.39057
High-income countries,OWID_HIC,2005,17.683502
High-income countries,OWID_HIC,2006,16.748995
High-income countries,OWID_HIC,2007,16.257828
High-income countries,OWID_HIC,2008,16.013212
High-income countries,OWID_HIC,2009,16.014864
High-income countries,OWID_HIC,2010,16.170347
High-income countries,OWID_HIC,2011,15.85743
High-income countries,OWID_HIC,2012,15.275796
High-income countries,OWID_HIC,2013,15.083668
High-income countries,OWID_HIC,2014,14.754416
High-income countries,OWID_HIC,2015,14.879767
High-income countries,OWID_HIC,2016,14.07903
High-income countries,OWID_HIC,2017,14.319324
High-income countries,OWID_HIC,2018,14.161099
High-income countries,OWID_HIC,2019,13.375136
High-income countries,OWID_HIC,2020,12.903415
High-income countries,OWID_HIC,2021,13.640367
High-income countries,OWID_HIC,2022,13.968584
High-income countries,OWID_HIC,2023,12.967597
Honduras,HND,1990,39.219955
Honduras,HND,1991,38.43927
Honduras,HND,1992,38.35556
Honduras,HND,1993,38.271847
Honduras,HND,1994,38.188137
Honduras,HND,1995,36.71048
Honduras,HND,1996,38.020714
Honduras,HND,1997,37.937004
Honduras,HND,1998,37.85329
Honduras,HND,1999,37.76958
Honduras,HND,2000,38.382843
Honduras,HND,2001,34.735912
Honduras,HND,2002,35.510303
Honduras,HND,2003,37.374054
Honduras,HND,2004,31.456415
Honduras,HND,2005,33.75661
Honduras,HND,2006,31.523445
Honduras,HND,2007,30.675003
Honduras,HND,2008,30.686804
Honduras,HND,2009,30.006357
Honduras,HND,2010,28.500853
Honduras,HND,2011,33.399864
Honduras,HND,2012,28.487732
Honduras,HND,2013,32.093422
Honduras,HND,2014,29.473732
Honduras,HND,2015,29.747278
Honduras,HND,2016,27.81618
Honduras,HND,2017,28.761618
Honduras,HND,2018,29.763552
Honduras,HND,2019,29.428396
Honduras,HND,2020,36.535564
Honduras,HND,2021,30.285786
Honduras,HND,2022,29.663765
Honduras,HND,2023,30.718897
Hungary,HUN,1990,27.267776
Hungary,HUN,1991,27.055344
Hungary,HUN,1992,26.51378
Hungary,HUN,1993,25.972218
Hungary,HUN,1994,25.430655
Hungary,HUN,1995,25.547354
Hungary,HUN,1996,24.347528
Hungary,HUN,1997,23.805965
Hungary,HUN,1998,23.264402
Hungary,HUN,1999,22.72284
Hungary,HUN,2000,21.852144
Hungary,HUN,2001,21.639238
Hungary,HUN,2002,24.445463
Hungary,HUN,2003,25.815481
Hungary,HUN,2004,22.169075
Hungary,HUN,2005,23.118994
Hungary,HUN,2006,21.879984
Hungary,HUN,2007,20.590584
Hungary,HUN,2008,19.268251
Hungary,HUN,2009,20.577417
Hungary,HUN,2010,20.600927
Hungary,HUN,2011,23.571058
Hungary,HUN,2012,20.284754
Hungary,HUN,2013,19.199686
Hungary,HUN,2014,18.16856
Hungary,HUN,2015,19.005651
Hungary,HUN,2016,17.087538
Hungary,HUN,2017,18.8047
Hungary,HUN,2018,18.260906
Hungary,HUN,2019,14.686677
Hungary,HUN,2020,13.518881
Hungary,HUN,2021,14.383528
Hungary,HUN,2022,13.964306
Hungary,HUN,2023,13.715583
Iceland,ISL,1990,6.1553
Iceland,ISL,1991,6.1606326
Iceland,ISL,1992,6.156857
Iceland,ISL,1993,6.1530814
Iceland,ISL,1994,6.1493063
Iceland,ISL,1995,6.163746
Iceland,ISL,1996,6.141755
Iceland,ISL,1997,6.13798
Iceland,ISL,1998,6.1342044
Iceland,ISL,1999,6.130429
Iceland,ISL,2000,6.117546
Iceland,ISL,2001,5.7924995
Iceland,ISL,2002,6.1714277
Iceland,ISL,2003,6.4821534
Iceland,ISL,2004,6.0814133
Iceland,ISL,2005,5.864176
Iceland,ISL,2006,5.189892
Iceland,ISL,2007,4.865651
Iceland,ISL,2008,4.847533
Iceland,ISL,2009,4.951921
Iceland,ISL,2010,5.356397
Iceland,ISL,2011,5.116669
Iceland,ISL,2012,4.2846956
Iceland,ISL,2013,4.830544
Iceland,ISL,2014,5.0392485
Iceland,ISL,2015,5.0766063
Iceland,ISL,2016,4.4619894
Iceland,ISL,2017,5.196648
Iceland,ISL,2018,4.4332476
Iceland,ISL,2019,4.9254603
Iceland,ISL,2020,4.4637747
Iceland,ISL,2021,5.812276
Iceland,ISL,2022,4.8777122
Iceland,ISL,2023,4.932964
India,IND,1990,51.203266
India,IND,1991,50.166195
India,IND,1992,50.12217
India,IND,1993,50.078144
India,IND,1994,50.034122
India,IND,1995,48.004
India,IND,1996,49.94607
India,IND,1997,49.90205
India,IND,1998,49.858025
India,IND,1999,49.814
India,IND,2000,50.763027
India,IND,2001,50.453785
India,IND,2002,51.254456
India,IND,2003,52.514984
India,IND,2004,50.844616
India,IND,2005,51.33693
India,IND,2006,49.254604
India,IND,2007,49.451336
India,IND,2008,51.266483
India,IND,2009,52.262672
India,IND,2010,51.71882
India,IND,2011,55.02583
India,IND,2012,53.01963
India,IND,2013,52.26938
India,IND,2014,51.68722
India,IND,2015,51.435593
India,IND,2016,54.421875
India,IND,2017,55.172424
India,IND,2018,56.679523
India,IND,2019,53.59815
India,IND,2020,52.193367
India,IND,2021,55.623474
India,IND,2022,50.657745
India,IND,2023,54.052223
Indonesia,IDN,1990,31.380585
Indonesia,IDN,1991,30.707323
Indonesia,IDN,1992,30.236738
Indonesia,IDN,1993,29.766151
Indonesia,IDN,1994,29.295567
Indonesia,IDN,1995,28.41963
Indonesia,IDN,1996,28.354393
Indonesia,IDN,1997,27.883808
Indonesia,IDN,1998,27.413221
Indonesia,IDN,1999,26.942635
Indonesia,IDN,2000,26.674725
Indonesia,IDN,2001,25.302336
Indonesia,IDN,2002,25.891132
Indonesia,IDN,2003,24.18654
Indonesia,IDN,2004,25.731049
Indonesia,IDN,2005,24.88509
Indonesia,IDN,2006,22.603373
Indonesia,IDN,2007,20.324558
Indonesia,IDN,2008,19.526247
Indonesia,IDN,2009,21.14929
Indonesia,IDN,2010,18.820982
Indonesia,IDN,2011,19.811073
Indonesia,IDN,2012,20.162012
Indonesia,IDN,2013,19.350449
Indonesia,IDN,2014,23.906145
Indonesia,IDN,2015,25.606312
Indonesia,IDN,2016,20.95563
Indonesia,IDN,2017,17.802792
Indonesia,IDN,2018,20.364534
Indonesia,IDN,2019,23.97289
Indonesia,IDN,2020,18.864733
Indonesia,IDN,2021,19.985054
Indonesia,IDN,2022,19.765926
Indonesia,IDN,2023,20.844463
Iran,IRN,1990,33.78178
Iran,IRN,1991,33.867577
Iran,IRN,1992,34.154053
Iran,IRN,1993,34.44053
Iran,IRN,1994,34.72701
Iran,IRN,1995,34.61212
Iran,IRN,1996,35.299965
Iran,IRN,1997,35.58644
Iran,IRN,1998,35.872917
Iran,IRN,1999,36.159397
Iran,IRN,2000,36.646557
Iran,IRN,2001,36.472378
Iran,IRN,2002,35.362362
Iran,IRN,2003,38.554127
Iran,IRN,2004,34.955517
Iran,IRN,2005,35.140186
Iran,IRN,2006,38.4484
Iran,IRN,2007,40.88469
Iran,IRN,2008,42.104027
Iran,IRN,2009,42.921597
Iran,IRN,2010,43.283676
Iran,IRN,2011,42.45234
Iran,IRN,2012,40.61839
Iran,IRN,2013,39.795097
Iran,IRN,2014,39.640266
Iran,IRN,2015,40.799507
Iran,IRN,2016,39.65071
Iran,IRN,2017,40.09236
Iran,IRN,2018,41.78637
Iran,IRN,2019,39.35672
Iran,IRN,2020,38.76455
Iran,IRN,2021,41.08828
Iran,IRN,2022,43.895733
Iran,IRN,2023,40.245388
Iraq,IRQ,1990,49.24524
Iraq,IRQ,1991,47.670753
Iraq,IRQ,1992,47.569534
Iraq,IRQ,1993,47.46832
Iraq,IRQ,1994,47.3671
Iraq,IRQ,1995,44.319347
Iraq,IRQ,1996,47.164665
Iraq,IRQ,1997,47.06345
Iraq,IRQ,1998,46.96223
Iraq,IRQ,1999,46.861015
Iraq,IRQ,2000,48.233067
Iraq,IRQ,2001,43.322376
Iraq,IRQ,2002,44.31502
Iraq,IRQ,2003,47.44186
Iraq,IRQ,2004,44.21719
Iraq,IRQ,2005,48.26204
Iraq,IRQ,2006,47.91929
Iraq,IRQ,2007,50.715572
Iraq,IRQ,2008,53.00555
Iraq,IRQ,2009,54.02145
Iraq,IRQ,2010,57.066708
Iraq,IRQ,2011,51.62515
Iraq,IRQ,2012,53.090366
Iraq,IRQ,2013,51.236115
Iraq,IRQ,2014,47.486652
Iraq,IRQ,2015,52.532497
Iraq,IRQ,2016,49.431324
Iraq,IRQ,2017,47.54377
Iraq,IRQ,2018,51.717686
Iraq,IRQ,2019,45.701004
Iraq,IRQ,2020,47.630043
Iraq,IRQ,2021,48.795822
Iraq,IRQ,2022,59.52844
Iraq,IRQ,2023,49.471367
Ireland,IRL,1990,13.498342
Ireland,IRL,1991,13.513998
Ireland,IRL,1992,13.392761
Ireland,IRL,1993,13.271524
Ireland,IRL,1994,13.150288
Ireland,IRL,1995,13.302837
Ireland,IRL,1996,12.907814
Ireland,IRL,1997,12.786578
Ireland,IRL,1998,12.665341
Ireland,IRL,1999,12.544105
Ireland,IRL,2000,12.2859745
Ireland,IRL,2001,11.402822
Ireland,IRL,2002,11.670005
Ireland,IRL,2003,14.064534
Ireland,IRL,2004,10.648731
Ireland,IRL,2005,11.661928
Ireland,IRL,2006,9.93059
Ireland,IRL,2007,9.228314
Ireland,IRL,2008,9.272203
Ireland,IRL,2009,9.083008
Ireland,IRL,2010,9.413454
Ireland,IRL,2011,9.2102375
Ireland,IRL,2012,8.182071
Ireland,IRL,2013,9.124008
Ireland,IRL,2014,8.368195
Ireland,IRL,2015,7.7486234
Ireland,IRL,2016,7.8603272
Ireland,IRL,2017,7.096117
Ireland,IRL,2018,7.79169
Ireland,IRL,2019,8.57888
Ireland,IRL,2020,7.8129454
Ireland,IRL,2021,8.086424
Ireland,IRL,2022,8.101035
Ireland,IRL,2023,7.512221
Israel,ISR,1990,25.740995
Israel,ISR,1991,26.83755
Israel,ISR,1992,27.031328
Israel,ISR,1993,27.225107
Israel,ISR,1994,27.418886
Israel,ISR,1995,29.418217
Israel,ISR,1996,27.806446
Israel,ISR,1997,28.000225
Israel,ISR,1998,28.194004
Israel,ISR,1999,28.387783
Israel,ISR,2000,27.678785
Israel,ISR,2001,27.465277
Israel,ISR,2002,28.181492
Israel,ISR,2003,30.659054
Israel,ISR,2004,29.013683
Israel,ISR,2005,27.68503
Israel,ISR,2006,22.680916
Israel,ISR,2007,20.348314
Israel,ISR,2008,20.650843
Israel,ISR,2009,20.919525
Israel,ISR,2010,24.36507
Israel,ISR,2011,19.849064
Israel,ISR,2012,20.76833
Israel,ISR,2013,21.555086
Israel,ISR,2014,20.0399
Israel,ISR,2015,22.72244
Israel,ISR,2016,19.65568
Israel,ISR,2017,20.361603
Israel,ISR,2018,22.010092
Israel,ISR,2019,22.604778
Israel,ISR,2020,21.486216
Israel,ISR,2021,21.27694
Israel,ISR,2022,23.079153
Israel,ISR,2023,21.900848
Italy,ITA,1990,30.495493
Italy,ITA,1991,30.47913
Italy,ITA,1992,30.257929
Italy,ITA,1993,30.036726
Italy,ITA,1994,29.815525
Italy,ITA,1995,30.004
Italy,ITA,1996,29.373123
Italy,ITA,1997,29.151922
Italy,ITA,1998,28.930721
Italy,ITA,1999,28.709518
Italy,ITA,2000,28.28348
Italy,ITA,2001,24.513794
Italy,ITA,2002,25.846582
Italy,ITA,2003,27.504137
Italy,ITA,2004,24.574177
Italy,ITA,2005,25.194857
Italy,ITA,2006,23.045343
Italy,ITA,2007,21.389715
Italy,ITA,2008,20.476692
Italy,ITA,2009,19.73729
Italy,ITA,2010,18.973661
Italy,ITA,2011,20.910963
Italy,ITA,2012,19.001028
Italy,ITA,2013,17.451569
Italy,ITA,2014,15.7660885
Italy,ITA,2015,18.409853
Italy,ITA,2016,16.214394
Italy,ITA,2017,17.317724
Italy,ITA,2018,15.684526
Italy,ITA,2019,14.990414
Italy,ITA,2020,15.411027
Italy,ITA,2021,14.908654
Italy,ITA,2022,16.235043
Italy,ITA,2023,14.291805
Jamaica,JAM,1990,18.704239
Jamaica,JAM,1991,18.547657
Jamaica,JAM,1992,18.609549
Jamaica,JAM,1993,18.67144
Jamaica,JAM,1994,18.733334
Jamaica,JAM,1995,18.358276
Jamaica,JAM,1996,18.857117
Jamaica,JAM,1997,18.919008
Jamaica,JAM,1998,18.9809
Jamaica,JAM,1999,19.042793
Jamaica,JAM,2000,19.323158
Jamaica,JAM,2001,18.373587
Jamaica,JAM,2002,19.616417
Jamaica,JAM,2003,19.641088
Jamaica,JAM,2004,18.22309
Jamaica,JAM,2005,19.52228
Jamaica,JAM,2006,20.039248
Jamaica,JAM,2007,19.97119
Jamaica,JAM,2008,19.675968
Jamaica,JAM,2009,20.980082
Jamaica,JAM,2010,21.578716
Jamaica,JAM,2011,19.9261
Jamaica,JAM,2012,20.696566
Jamaica,JAM,2013,19.917635
Jamaica,JAM,2014,22.042086
Jamaica,JAM,2015,21.222992
Jamaica,JAM,2016,20.42377
Jamaica,JAM,2017,20.70252
Jamaica,JAM,2018,21.038748
Jamaica,JAM,2019,21.026567
Jamaica,JAM,2020,22.258062
Jamaica,JAM,2021,22.213455
Jamaica,JAM,2022,20.798576
Jamaica,JAM,2023,21.653507
Japan,JPN,1990,12.588197
Japan,JPN,1991,12.573167
Japan,JPN,1992,12.580615
Japan,JPN,1993,12.588063
Japan,JPN,1994,12.595511
Japan,JPN,1995,12.558003
Japan,JPN,1996,12.610408
Japan,JPN,1997,12.617856
Japan,JPN,1998,12.625304
Japan,JPN,1999,12.632752
Japan,JPN,2000,12.662679
Japan,JPN,2001,12.394503
Japan,JPN,2002,12.1329775
Japan,JPN,2003,11.814231
Japan,JPN,2004,11.631059
Japan,JPN,2005,11.934242
Japan,JPN,2006,13.784898
Japan,JPN,2007,14.900655
Japan,JPN,2008,14.543757
Japan,JPN,2009,14.049713
Japan,JPN,2010,12.776835
Japan,JPN,2011,12.898712
Japan,JPN,2012,13.379887
Japan,JPN,2013,12.970687
Japan,JPN,2014,13.712836
Japan,JPN,2015,13.462442
Japan,JPN,2016,12.311473
Japan,JPN,2017,12.193832
Japan,JPN,2018,12.40601
Japan,JPN,2019,11.997024
Japan,JPN,2020,11.235989
Japan,JPN,2021,11.541008
Japan,JPN,2022,12.436812
Japan,JPN,2023,11.451939
Jordan,JOR,1990,19.884806
Jordan,JOR,1991,20.77474
Jordan,JOR,1992,20.818773
Jordan,JOR,1993,20.862808
Jordan,JOR,1994,20.906841
Jordan,JOR,1995,22.642675
Jordan,JOR,1996,20.994907
Jordan,JOR,1997,21.03894
Jordan,JOR,1998,21.082975
Jordan,JOR,1999,21.127008
Jordan,JOR,2000,20.32514
Jordan,JOR,2001,23.004917
Jordan,JOR,2002,24.199417
Jordan,JOR,2003,28.435173
Jordan,JOR,2004,26.938196
Jordan,JOR,2005,25.181427
Jordan,JOR,2006,27.376148
Jordan,JOR,2007,28.700125
Jordan,JOR,2008,29.583364
Jordan,JOR,2009,30.743473
Jordan,JOR,2010,34.86559
Jordan,JOR,2011,29.111753
Jordan,JOR,2012,31.50067
Jordan,JOR,2013,31.280088
Jordan,JOR,2014,28.86415
Jordan,JOR,2015,32.905357
Jordan,JOR,2016,30.987299
Jordan,JOR,2017,30.256569
Jordan,JOR,2018,31.75674
Jordan,JOR,2019,32.164585
Jordan,JOR,2020,34.568913
Jordan,JOR,2021,30.945608
Jordan,JOR,2022,33.3042
Jordan,JOR,2023,32.63201
Kazakhstan,KAZ,1990,19.429956
Kazakhstan,KAZ,1991,19.55694
Kazakhstan,KAZ,1992,19.34235
Kazakhstan,KAZ,1993,19.12776
Kazakhstan,KAZ,1994,18.913168
Kazakhstan,KAZ,1995,19.381727
Kazakhstan,KAZ,1996,18.483988
Kazakhstan,KAZ,1997,18.269398
Kazakhstan,KAZ,1998,18.054806
Kazakhstan,KAZ,1999,17.840216
Kazakhstan,KAZ,2000,17.284052
Kazakhstan,KAZ,2001,17.986486
Kazakhstan,KAZ,2002,17.833395
Kazakhstan,KAZ,2003,16.989092
Kazakhstan,KAZ,2004,16.412317
Kazakhstan,KAZ,2005,16.913559
Kazakhstan,KAZ,2006,19.406214
Kazakhstan,KAZ,2007,20.730652
Kazakhstan,KAZ,2008,21.31333
Kazakhstan,KAZ,2009,20.807377
Kazakhstan,KAZ,2010,20.957792
Kazakhstan,KAZ,2011,20.658218
Kazakhstan,KAZ,2012,20.76326
Kazakhstan,KAZ,2013,21.51262
Kazakhstan,KAZ,2014,21.058136
Kazakhstan,KAZ,2015,20.410078
Kazakhstan,KAZ,2016,19.078152
Kazakhstan,KAZ,2017,20.224726
Kazakhstan,KAZ,2018,19.304552
Kazakhstan,KAZ,2019,20.668484
Kazakhstan,KAZ,2020,20.087431
Kazakhstan,KAZ,2021,20.788254
Kazakhstan,KAZ,2022,18.993572
Kazakhstan,KAZ,2023,19.596142
Kenya,KEN,1990,14.860478
Kenya,KEN,1991,14.60376
Kenya,KEN,1992,15.014625
Kenya,KEN,1993,15.425489
Kenya,KEN,1994,15.836354
Kenya,KEN,1995,14.912051
Kenya,KEN,1996,16.658083
Kenya,KEN,1997,17.068949
Kenya,KEN,1998,17.479813
Kenya,KEN,1999,17.890678
Kenya,KEN,2000,18.969126
Kenya,KEN,2001,21.764772
Kenya,KEN,2002,20.354523
Kenya,KEN,2003,17.48301
Kenya,KEN,2004,16.848406
Kenya,KEN,2005,16.611118
Kenya,KEN,2006,19.565453
Kenya,KEN,2007,21.035082
Kenya,KEN,2008,20.96044
Kenya,KEN,2009,19.46674
Kenya,KEN,2010,21.805212
Kenya,KEN,2011,21.800877
Kenya,KEN,2012,21.045897
Kenya,KEN,2013,21.312853
Kenya,KEN,2014,18.902342
Kenya,KEN,2015,18.820576
Kenya,KEN,2016,19.368282
Kenya,KEN,2017,18.11231
Kenya,KEN,2018,19.831438
Kenya,KEN,2019,20.251902
Kenya,KEN,2020,22.703945
Kenya,KEN,2021,20.74171
Kenya,KEN,2022,20.774597
Kenya,KEN,2023,20.252365
Kiribati,KIR,1990,4.655712
Kiribati,KIR,1991,4.645818
Kiribati,KIR,1992,4.684151
Kiribati,KIR,1993,4.7224846
Kiribati,KIR,1994,4.7608175
Kiribati,KIR,1995,4.7026963
Kiribati,KIR,1996,4.837484
Kiribati,KIR,1997,4.8758173
Kiribati,KIR,1998,4.91415
Kiribati,KIR,1999,4.9524837
Kiribati,KIR,2000,5.039044
Kiribati,KIR,2001,5.327429
Kiribati,KIR,2002,4.762459
Kiribati,KIR,2003,5.0246086
Kiribati,KIR,2004,4.6260757
Kiribati,KIR,2005,4.9944296
Kiribati,KIR,2006,4.859267
Kiribati,KIR,2007,4.585526
Kiribati,KIR,2008,4.725227
Kiribati,KIR,2009,5.284003
Kiribati,KIR,2010,4.5130463
Kiribati,KIR,2011,4.22789
Kiribati,KIR,2012,4.518104
Kiribati,KIR,2013,4.6373205
Kiribati,KIR,2014,4.4333925
Kiribati,KIR,2015,5.8238864
Kiribati,KIR,2016,3.620478
Kiribati,KIR,2017,3.838774
Kiribati,KIR,2018,3.8936203
Kiribati,KIR,2019,5.5155053
Kiribati,KIR,2020,4.0623226
Kiribati,KIR,2021,3.4609845
Kiribati,KIR,2022,3.7272122
Kiribati,KIR,2023,3.8670466
Kuwait,KWT,1990,56.64798
Kuwait,KWT,1991,54.216084
Kuwait,KWT,1992,54.737267
Kuwait,KWT,1993,55.25845
Kuwait,KWT,1994,55.77963
Kuwait,KWT,1995,50.394657
Kuwait,KWT,1996,56.821995
Kuwait,KWT,1997,57.343174
Kuwait,KWT,1998,57.864357
Kuwait,KWT,1999,58.38554
Kuwait,KWT,2000,61.8598
Kuwait,KWT,2001,62.134857
Kuwait,KWT,2002,56.893223
Kuwait,KWT,2003,66.93812
Kuwait,KWT,2004,58.343784
Kuwait,KWT,2005,67.949615
Kuwait,KWT,2006,58.66125
Kuwait,KWT,2007,57.640987
Kuwait,KWT,2008,61.85109
Kuwait,KWT,2009,67.51049
Kuwait,KWT,2010,63.813435
Kuwait,KWT,2011,64.31218
Kuwait,KWT,2012,66.15352
Kuwait,KWT,2013,63.404366
Kuwait,KWT,2014,50.584892
Kuwait,KWT,2015,66.611465
Kuwait,KWT,2016,57.043324
Kuwait,KWT,2017,61.91287
Kuwait,KWT,2018,64.51557
Kuwait,KWT,2019,57.82591
Kuwait,KWT,2020,56.63378
Kuwait,KWT,2021,61.969387
Kuwait,KWT,2022,74.50171
Kuwait,KWT,2023,62.348434
Kyrgyzstan,KGZ,1990,20.688087
Kyrgyzstan,KGZ,1991,20.9458
Kyrgyzstan,KGZ,1992,21.088785
Kyrgyzstan,KGZ,1993,21.23177
Kyrgyzstan,KGZ,1994,21.374754
Kyrgyzstan,KGZ,1995,21.747198
Kyrgyzstan,KGZ,1996,21.660725
Kyrgyzstan,KGZ,1997,21.803709
Kyrgyzstan,KGZ,1998,21.946693
Kyrgyzstan,KGZ,1999,22.089678
Kyrgyzstan,KGZ,2000,22.117933
Kyrgyzstan,KGZ,2001,22.250174
Kyrgyzstan,KGZ,2002,22.829521
Kyrgyzstan,KGZ,2003,21.052721
Kyrgyzstan,KGZ,2004,21.026411
Kyrgyzstan,KGZ,2005,21.64628
Kyrgyzstan,KGZ,2006,22.153582
Kyrgyzstan,KGZ,2007,22.22275
Kyrgyzstan,KGZ,2008,22.206266
Kyrgyzstan,KGZ,2009,22.530489
Kyrgyzstan,KGZ,2010,20.466942
Kyrgyzstan,KGZ,2011,20.20067
Kyrgyzstan,KGZ,2012,21.344555
Kyrgyzstan,KGZ,2013,21.813934
Kyrgyzstan,KGZ,2014,20.54172
Kyrgyzstan,KGZ,2015,22.081675
Kyrgyzstan,KGZ,2016,20.823092
Kyrgyzstan,KGZ,2017,20.201284
Kyrgyzstan,KGZ,2018,20.61861
Kyrgyzstan,KGZ,2019,22.278713
Kyrgyzstan,KGZ,2020,19.433113
Kyrgyzstan,KGZ,2021,21.825457
Kyrgyzstan,KGZ,2022,18.69294
Kyrgyzstan,KGZ,2023,20.123901
Laos,LAO,1990,40.081047
Laos,LAO,1991,39.60759
Laos,LAO,1992,39.369335
Laos,LAO,1993,39.13108
Laos,LAO,1994,38.892826
Laos,LAO,1995,38.184166
Laos,LAO,1996,38.416317
Laos,LAO,1997,38.178062
Laos,LAO,1998,37.93981
Laos,LAO,1999,37.701557
Laos,LAO,2000,37.698505
Laos,LAO,2001,37.166992
Laos,LAO,2002,37.49605
Laos,LAO,2003,35.444046
Laos,LAO,2004,38.090237
Laos,LAO,2005,38.250706
Laos,LAO,2006,33.28884
Laos,LAO,2007,30.01856
Laos,LAO,2008,29.78188
Laos,LAO,2009,27.498768
Laos,LAO,2010,31.34452
Laos,LAO,2011,28.609362
Laos,LAO,2012,26.407621
Laos,LAO,2013,28.50052
Laos,LAO,2014,29.03445
Laos,LAO,2015,26.311996
Laos,LAO,2016,29.699791
Laos,LAO,2017,26.282387
Laos,LAO,2018,26.133795
Laos,LAO,2019,27.87034
Laos,LAO,2020,28.050955
Laos,LAO,2021,26.067183
Laos,LAO,2022,25.342588
Laos,LAO,2023,25.97629
Latin America and Caribbean (WB),WB_LAC,1990,28.457336
Latin America and Caribbean (WB),WB_LAC,1991,28.356325
Latin America and Caribbean (WB),WB_LAC,1992,28.21743
Latin America and Caribbean (WB),WB_LAC,1993,28.077847
Latin America and Caribbean (WB),WB_LAC,1994,27.937037
Latin America and Caribbean (WB),WB_LAC,1995,27.869774
Latin America and Caribbean (WB),WB_LAC,1996,27.652325
Latin America and Caribbean (WB),WB_LAC,1997,27.509192
Latin America and Caribbean (WB),WB_LAC,1998,27.366028
Latin America and Caribbean (WB),WB_LAC,1999,27.221346
Latin America and Caribbean (WB),WB_LAC,2000,27.03677
Latin America and Caribbean (WB),WB_LAC,2001,26.009407
Latin America and Caribbean (WB),WB_LAC,2002,25.901997
Latin America and Caribbean (WB),WB_LAC,2003,26.505081
Latin America and Caribbean (WB),WB_LAC,2004,24.779512
Latin America and Caribbean (WB),WB_LAC,2005,24.803572
Latin America and Caribbean (WB),WB_LAC,2006,20.390469
Latin America and Caribbean (WB),WB_LAC,2007,18.10098
Latin America and Caribbean (WB),WB_LAC,2008,18.085285
Latin America and Caribbean (WB),WB_LAC,2009,17.920225
Latin America and Caribbean (WB),WB_LAC,2010,18.33504
Latin America and Caribbean (WB),WB_LAC,2011,18.461714
Latin America and Caribbean (WB),WB_LAC,2012,17.157381
Latin America and Caribbean (WB),WB_LAC,2013,17.298798
Latin America and Caribbean (WB),WB_LAC,2014,16.63604
Latin America and Caribbean (WB),WB_LAC,2015,17.513557
Latin America and Caribbean (WB),WB_LAC,2016,17.445889
Latin America and Caribbean (WB),WB_LAC,2017,17.384964
Latin America and Caribbean (WB),WB_LAC,2018,17.031923
Latin America and Caribbean (WB),WB_LAC,2019,17.636776
Latin America and Caribbean (WB),WB_LAC,2020,17.759266
Latin America and Caribbean (WB),WB_LAC,2021,17.170055
Latin America and Caribbean (WB),WB_LAC,2022,18.211891
Latin America and Caribbean (WB),WB_LAC,2023,17.353327
Latvia,LVA,1990,36.095787
Latvia,LVA,1991,35.81959
Latvia,LVA,1992,35.16792
Latvia,LVA,1993,34.516243
Latvia,LVA,1994,33.864567
Latvia,LVA,1995,33.963852
Latvia,LVA,1996,32.561214
Latvia,LVA,1997,31.90954
Latvia,LVA,1998,31.257864
Latvia,LVA,1999,30.60619
Latvia,LVA,2000,29.579033
Latvia,LVA,2001,27.349255
Latvia,LVA,2002,31.59163
Latvia,LVA,2003,27.421885
Latvia,LVA,2004,23.557987
Latvia,LVA,2005,23.681803
Latvia,LVA,2006,21.738708
Latvia,LVA,2007,20.792269
Latvia,LVA,2008,20.154982
Latvia,LVA,2009,18.479588
Latvia,LVA,2010,20.889822
Latvia,LVA,2011,16.989334
Latvia,LVA,2012,17.834455
Latvia,LVA,2013,17.065907
Latvia,LVA,2014,18.054007
Latvia,LVA,2015,15.657961
Latvia,LVA,2016,14.121611
Latvia,LVA,2017,13.43774
Latvia,LVA,2018,16.88999
Latvia,LVA,2019,13.953688
Latvia,LVA,2020,14.009821
Latvia,LVA,2021,15.650645
Latvia,LVA,2022,13.922154
Latvia,LVA,2023,13.012166
Lebanon,LBN,1990,22.33203
Lebanon,LBN,1991,23.098236
Lebanon,LBN,1992,23.314665
Lebanon,LBN,1993,23.531092
Lebanon,LBN,1994,23.747519
Lebanon,LBN,1995,25.063505
Lebanon,LBN,1996,24.180372
Lebanon,LBN,1997,24.3968
Lebanon,LBN,1998,24.613228
Lebanon,LBN,1999,24.829655
Lebanon,LBN,2000,24.496302
Lebanon,LBN,2001,26.10688
Lebanon,LBN,2002,26.93755
Lebanon,LBN,2003,28.033226
Lebanon,LBN,2004,27.591862
Lebanon,LBN,2005,25.724756
Lebanon,LBN,2006,25.912731
Lebanon,LBN,2007,26.081327
Lebanon,LBN,2008,25.694782
Lebanon,LBN,2009,25.114553
Lebanon,LBN,2010,28.944118
Lebanon,LBN,2011,25.823677
Lebanon,LBN,2012,25.237976
Lebanon,LBN,2013,26.67505
Lebanon,LBN,2014,24.427994
Lebanon,LBN,2015,27.38288
Lebanon,LBN,2016,24.931698
Lebanon,LBN,2017,25.886671
Lebanon,LBN,2018,26.923914
Lebanon,LBN,2019,27.880209
Lebanon,LBN,2020,26.068079
Lebanon,LBN,2021,25.226557
Lebanon,LBN,2022,27.982672
Lebanon,LBN,2023,26.694853
Lesotho,LSO,1990,30.625639
Lesotho,LSO,1991,30.839315
Lesotho,LSO,1992,30.630358
Lesotho,LSO,1993,30.421402
Lesotho,LSO,1994,30.212444
Lesotho,LSO,1995,30.848753
Lesotho,LSO,1996,29.79453
Lesotho,LSO,1997,29.585573
Lesotho,LSO,1998,29.376616
Lesotho,LSO,1999,29.16766
Lesotho,LSO,2000,28.53607
Lesotho,LSO,2001,29.44649
Lesotho,LSO,2002,29.594099
Lesotho,LSO,2003,26.630283
Lesotho,LSO,2004,24.297604
Lesotho,LSO,2005,24.235348
Lesotho,LSO,2006,28.212355
Lesotho,LSO,2007,30.08915
Lesotho,LSO,2008,29.49133
Lesotho,LSO,2009,30.24721
Lesotho,LSO,2010,33.492855
Lesotho,LSO,2011,30.438261
Lesotho,LSO,2012,27.070799
Lesotho,LSO,2013,26.982752
Lesotho,LSO,2014,25.45884
Lesotho,LSO,2015,26.856504
Lesotho,LSO,2016,24.264038
Lesotho,LSO,2017,28.582005
Lesotho,LSO,2018,27.364897
Lesotho,LSO,2019,25.88445
Lesotho,LSO,2020,27.10074
Lesotho,LSO,2021,27.11277
Lesotho,LSO,2022,30.755812
Lesotho,LSO,2023,26.437977
Liberia,LBR,1990,18.718159
Liberia,LBR,1991,17.626816
Liberia,LBR,1992,17.658926
Liberia,LBR,1993,17.691036
Liberia,LBR,1994,17.723146
Liberia,LBR,1995,15.50835
Liberia,LBR,1996,17.787367
Liberia,LBR,1997,17.819477
Liberia,LBR,1998,17.851587
Liberia,LBR,1999,17.883698
Liberia,LBR,2000,19.03926
Liberia,LBR,2001,16.135715
Liberia,LBR,2002,18.73969
Liberia,LBR,2003,15.538216
Liberia,LBR,2004,23.22902
Liberia,LBR,2005,20.6417
Liberia,LBR,2006,19.53836
Liberia,LBR,2007,20.003103
Liberia,LBR,2008,21.211466
Liberia,LBR,2009,20.563944
Liberia,LBR,2010,16.985813
Liberia,LBR,2011,21.46548
Liberia,LBR,2012,18.659225
Liberia,LBR,2013,17.312704
Liberia,LBR,2014,16.211002
Liberia,LBR,2015,23.565132
Liberia,LBR,2016,20.896713
Liberia,LBR,2017,18.739073
Liberia,LBR,2018,18.556282
Liberia,LBR,2019,17.958517
Liberia,LBR,2020,19.134865
Liberia,LBR,2021,16.862478
Liberia,LBR,2022,18.026403
Liberia,LBR,2023,17.91783
Libya,LBY,1990,20.971363
Libya,LBY,1991,21.360397
Libya,LBY,1992,21.55063
Libya,LBY,1993,21.740866
Libya,LBY,1994,21.931099
Libya,LBY,1995,22.518934
Libya,LBY,1996,22.31157
Libya,LBY,1997,22.501802
Libya,LBY,1998,22.692038
Libya,LBY,1999,22.88227
Libya,LBY,2000,22.873705
Libya,LBY,2001,24.788616
Libya,LBY,2002,23.63694
Libya,LBY,2003,25.364735
Libya,LBY,2004,26.629892
Libya,LBY,2005,27.446594
Libya,LBY,2006,23.037645
Libya,LBY,2007,23.160044
Libya,LBY,2008,24.504194
Libya,LBY,2009,25.06049
Libya,LBY,2010,28.723736
Libya,LBY,2011,21.993263
Libya,LBY,2012,19.598988
Libya,LBY,2013,26.00071
Libya,LBY,2014,21.048937
Libya,LBY,2015,19.946547
Libya,LBY,2016,23.802313
Libya,LBY,2017,18.55297
Libya,LBY,2018,23.417965
Libya,LBY,2019,20.008976
Libya,LBY,2020,18.8605
Libya,LBY,2021,22.048199
Libya,LBY,2022,23.184717
Libya,LBY,2023,20.014492
Lithuania,LTU,1990,31.569784
Lithuania,LTU,1991,31.402111
Lithuania,LTU,1992,30.831276
Lithuania,LTU,1993,30.26044
Lithuania,LTU,1994,29.689606
Lithuania,LTU,1995,29.925098
Lithuania,LTU,1996,28.547937
Lithuania,LTU,1997,27.977102
Lithuania,LTU,1998,27.406267
Lithuania,LTU,1999,26.835432
Lithuania,LTU,2000,25.861433
Lithuania,LTU,2001,24.274284
Lithuania,LTU,2002,27.199224
Lithuania,LTU,2003,23.666264
Lithuania,LTU,2004,20.422998
Lithuania,LTU,2005,20.40226
Lithuania,LTU,2006,17.31228
Lithuania,LTU,2007,16.945566
Lithuania,LTU,2008,17.279314
Lithuania,LTU,2009,16.576622
Lithuania,LTU,2010,19.293158
Lithuania,LTU,2011,16.31045
Lithuania,LTU,2012,16.415943
Lithuania,LTU,2013,15.571229
Lithuania,LTU,2014,16.227688
Lithuania,LTU,2015,14.313344
Lithuania,LTU,2016,12.61241
Lithuania,LTU,2017,12.524683
Lithuania,LTU,2018,14.399002
Lithuania,LTU,2019,12.1457405
Lithuania,LTU,2020,11.43459
Lithuania,LTU,2021,13.125768
Lithuania,LTU,2022,11.099431
Lithuania,LTU,2023,10.745525
Low-income countries,OWID_LIC,1990,30.487844
Low-income countries,OWID_LIC,1991,29.853104
Low-income countries,OWID_LIC,1992,30.011375
Low-income countries,OWID_LIC,1993,30.184427
Low-income countries,OWID_LIC,1994,30.295527
Low-income countries,OWID_LIC,1995,28.897665
Low-income countries,OWID_LIC,1996,30.517769
Low-income countries,OWID_LIC,1997,30.62945
Low-income countries,OWID_LIC,1998,30.739664
Low-income countries,OWID_LIC,1999,30.856348
Low-income countries,OWID_LIC,2000,31.702133
Low-income countries,OWID_LIC,2001,32.033722
Low-income countries,OWID_LIC,2002,31.608139
Low-income countries,OWID_LIC,2003,30.59428
Low-income countries,OWID_LIC,2004,32.86365
Low-income countries,OWID_LIC,2005,31.776716
Low-income countries,OWID_LIC,2006,31.841887
Low-income countries,OWID_LIC,2007,32.324673
Low-income countries,OWID_LIC,2008,32.68886
Low-income countries,OWID_LIC,2009,31.58907
Low-income countries,OWID_LIC,2010,33.048107
Low-income countries,OWID_LIC,2011,33.66873
Low-income countries,OWID_LIC,2012,33.3414
Low-income countries,OWID_LIC,2013,33.006775
Low-income countries,OWID_LIC,2014,30.604017
Low-income countries,OWID_LIC,2015,34.63662
Low-income countries,OWID_LIC,2016,32.82354
Low-income countries,OWID_LIC,2017,31.806372
Low-income countries,OWID_LIC,2018,30.758923
Low-income countries,OWID_LIC,2019,31.295341
Low-income countries,OWID_LIC,2020,30.931828
Low-income countries,OWID_LIC,2021,31.167122
Low-income countries,OWID_LIC,2022,32.60962
Low-income countries,OWID_LIC,2023,31.349806
Lower-middle-income countries,OWID_LMC,1990,48.94007
Lower-middle-income countries,OWID_LMC,1991,48.126427
Lower-middle-income countries,OWID_LMC,1992,48.122772
Lower-middle-income countries,OWID_LMC,1993,48.120922
Lower-middle-income countries,OWID_LMC,1994,48.118683
Lower-middle-income countries,OWID_LMC,1995,46.489902
Lower-middle-income countries,OWID_LMC,1996,48.12014
Lower-middle-income countries,OWID_LMC,1997,48.124565
Lower-middle-income countries,OWID_LMC,1998,48.13174
Lower-middle-income countries,OWID_LMC,1999,48.146458
Lower-middle-income countries,OWID_LMC,2000,48.979866
Lower-middle-income countries,OWID_LMC,2001,47.92764
Lower-middle-income countries,OWID_LMC,2002,48.943737
Lower-middle-income countries,OWID_LMC,2003,48.87867
Lower-middle-income countries,OWID_LMC,2004,48.75124
Lower-middle-income countries,OWID_LMC,2005,48.305363
Lower-middle-income countries,OWID_LMC,2006,46.85903
Lower-middle-income countries,OWID_LMC,2007,46.995125
Lower-middle-income countries,OWID_LMC,2008,48.18376
Lower-middle-income countries,OWID_LMC,2009,48.28342
Lower-middle-income countries,OWID_LMC,2010,48.306236
Lower-middle-income countries,OWID_LMC,2011,49.960976
Lower-middle-income countries,OWID_LMC,2012,49.042427
Lower-middle-income countries,OWID_LMC,2013,47.411728
Lower-middle-income countries,OWID_LMC,2014,47.173046
Lower-middle-income countries,OWID_LMC,2015,49.26652
Lower-middle-income countries,OWID_LMC,2016,49.964634
Lower-middle-income countries,OWID_LMC,2017,50.09139
Lower-middle-income countries,OWID_LMC,2018,51.592133
Lower-middle-income countries,OWID_LMC,2019,48.183727
Lower-middle-income countries,OWID_LMC,2020,48.43243
Lower-middle-income countries,OWID_LMC,2021,50.559513
Lower-middle-income countries,OWID_LMC,2022,47.99638
Lower-middle-income countries,OWID_LMC,2023,49.56828
Luxembourg,LUX,1990,19.589005
Luxembourg,LUX,1991,19.585188
Luxembourg,LUX,1992,19.301939
Luxembourg,LUX,1993,19.01869
Luxembourg,LUX,1994,18.73544
Luxembourg,LUX,1995,19.011057
Luxembourg,LUX,1996,18.168941
Luxembourg,LUX,1997,17.88569
Luxembourg,LUX,1998,17.602442
Luxembourg,LUX,1999,17.319193
Luxembourg,LUX,2000,16.75651
Luxembourg,LUX,2001,15.9868
Luxembourg,LUX,2002,16.045637
Luxembourg,LUX,2003,17.531414
Luxembourg,LUX,2004,15.566613
Luxembourg,LUX,2005,15.888388
Luxembourg,LUX,2006,15.051016
Luxembourg,LUX,2007,14.881171
Luxembourg,LUX,2008,15.217475
Luxembourg,LUX,2009,15.827852
Luxembourg,LUX,2010,15.859984
Luxembourg,LUX,2011,15.19649
Luxembourg,LUX,2012,13.11465
Luxembourg,LUX,2013,14.300693
Luxembourg,LUX,2014,11.959913
Luxembourg,LUX,2015,11.885552
Luxembourg,LUX,2016,11.184715
Luxembourg,LUX,2017,10.821119
Luxembourg,LUX,2018,10.786293
Luxembourg,LUX,2019,8.853023
Luxembourg,LUX,2020,8.14727
Luxembourg,LUX,2021,8.975119
Luxembourg,LUX,2022,9.075538
Luxembourg,LUX,2023,7.4298987
Madagascar,MDG,1990,10.110521
Madagascar,MDG,1991,9.945889
Madagascar,MDG,1992,10.048916
Madagascar,MDG,1993,10.151943
Madagascar,MDG,1994,10.25497
Madagascar,MDG,1995,9.82268
Madagascar,MDG,1996,10.461022
Madagascar,MDG,1997,10.564049
Madagascar,MDG,1998,10.667075
Madagascar,MDG,1999,10.7701025
Madagascar,MDG,2000,11.140787
Madagascar,MDG,2001,15.566811
Madagascar,MDG,2002,11.769776
Madagascar,MDG,2003,11.439086
Madagascar,MDG,2004,10.174021
Madagascar,MDG,2005,11.880813
Madagascar,MDG,2006,14.153465
Madagascar,MDG,2007,15.128234
Madagascar,MDG,2008,15.21192
Madagascar,MDG,2009,14.953642
Madagascar,MDG,2010,16.602602
Madagascar,MDG,2011,14.831779
Madagascar,MDG,2012,13.681442
Madagascar,MDG,2013,14.277352
Madagascar,MDG,2014,13.102057
Madagascar,MDG,2015,13.784145
Madagascar,MDG,2016,13.695425
Madagascar,MDG,2017,13.00084
Madagascar,MDG,2018,12.96457
Madagascar,MDG,2019,13.773824
Madagascar,MDG,2020,12.358185
Madagascar,MDG,2021,12.739189
Madagascar,MDG,2022,13.705523
Madagascar,MDG,2023,12.386576
Malawi,MWI,1990,17.540089
Malawi,MWI,1991,17.072521
Malawi,MWI,1992,17.184113
Malawi,MWI,1993,17.295704
Malawi,MWI,1994,17.407295
Malawi,MWI,1995,16.360569
Malawi,MWI,1996,17.630478
Malawi,MWI,1997,17.74207
Malawi,MWI,1998,17.85366
Malawi,MWI,1999,17.965252
Malawi,MWI,2000,18.656002
Malawi,MWI,2001,21.326385
Malawi,MWI,2002,19.258276
Malawi,MWI,2003,18.419506
Malawi,MWI,2004,18.050259
Malawi,MWI,2005,18.394041
Malawi,MWI,2006,20.09759
Malawi,MWI,2007,21.205297
Malawi,MWI,2008,21.422153
Malawi,MWI,2009,19.869164
Malawi,MWI,2010,21.162708
Malawi,MWI,2011,19.167889
Malawi,MWI,2012,18.85986
Malawi,MWI,2013,18.908339
Malawi,MWI,2014,16.948957
Malawi,MWI,2015,17.98487
Malawi,MWI,2016,16.557278
Malawi,MWI,2017,16.040255
Malawi,MWI,2018,18.773565
Malawi,MWI,2019,19.596437
Malawi,MWI,2020,16.389982
Malawi,MWI,2021,15.696727
Malawi,MWI,2022,20.166145
Malawi,MWI,2023,16.72116
Malaysia,MYS,1990,31.241123
Malaysia,MYS,1991,29.388186
Malaysia,MYS,1992,28.5279
Malaysia,MYS,1993,27.667618
Malaysia,MYS,1994,26.807333
Malaysia,MYS,1995,23.96174
Malaysia,MYS,1996,25.086765
Malaysia,MYS,1997,24.226482
Malaysia,MYS,1998,23.3662
Malaysia,MYS,1999,22.505915
Malaysia,MYS,2000,22.638285
Malaysia,MYS,2001,21.227629
Malaysia,MYS,2002,22.341022
Malaysia,MYS,2003,21.29302
Malaysia,MYS,2004,22.49801
Malaysia,MYS,2005,22.103151
Malaysia,MYS,2006,20.52743
Malaysia,MYS,2007,18.294806
Malaysia,MYS,2008,17.046072
Malaysia,MYS,2009,19.750748
Malaysia,MYS,2010,14.601187
Malaysia,MYS,2011,18.222277
Malaysia,MYS,2012,18.524616
Malaysia,MYS,2013,19.681044
Malaysia,MYS,2014,20.390547
Malaysia,MYS,2015,25.187654
Malaysia,MYS,2016,16.238718
Malaysia,MYS,2017,14.524924
Malaysia,MYS,2018,16.156042
Malaysia,MYS,2019,20.89865
Malaysia,MYS,2020,13.659905
Malaysia,MYS,2021,14.100569
Malaysia,MYS,2022,15.333167
Malaysia,MYS,2023,15.865014
Maldives,MDV,1990,28.856836
Maldives,MDV,1991,28.591846
Maldives,MDV,1992,27.814571
Maldives,MDV,1993,27.037296
Maldives,MDV,1994,26.26002
Maldives,MDV,1995,26.507317
Maldives,MDV,1996,24.705467
Maldives,MDV,1997,23.928192
Maldives,MDV,1998,23.150917
Maldives,MDV,1999,22.37364
Maldives,MDV,2000,21.084078
Maldives,MDV,2001,20.371305
Maldives,MDV,2002,20.417711
Maldives,MDV,2003,20.702417
Maldives,MDV,2004,21.724205
Maldives,MDV,2005,20.171406
Maldives,MDV,2006,16.143341
Maldives,MDV,2007,13.515298
Maldives,MDV,2008,13.911706
Maldives,MDV,2009,14.08427
Maldives,MDV,2010,11.69314
Maldives,MDV,2011,14.686593
Maldives,MDV,2012,12.68766
Maldives,MDV,2013,12.772538
Maldives,MDV,2014,12.2486925
Maldives,MDV,2015,11.150385
Maldives,MDV,2016,14.5794325
Maldives,MDV,2017,14.525988
Maldives,MDV,2018,13.273063
Maldives,MDV,2019,11.771793
Maldives,MDV,2020,11.061513
Maldives,MDV,2021,10.746092
Maldives,MDV,2022,10.414552
Maldives,MDV,2023,11.162419
Mali,MLI,1990,37.04211
Mali,MLI,1991,35.815144
Mali,MLI,1992,35.727333
Mali,MLI,1993,35.63952
Mali,MLI,1994,35.55171
Mali,MLI,1995,33.18559
Mali,MLI,1996,35.376083
Mali,MLI,1997,35.28827
Mali,MLI,1998,35.20046
Mali,MLI,1999,35.112648
Mali,MLI,2000,36.163986
Mali,MLI,2001,33.330765
Mali,MLI,2002,36.004425
Mali,MLI,2003,32.366734
Mali,MLI,2004,42.143227
Mali,MLI,2005,36.423485
Mali,MLI,2006,39.354942
Mali,MLI,2007,41.83639
Mali,MLI,2008,42.13282
Mali,MLI,2009,37.903557
Mali,MLI,2010,42.706543
Mali,MLI,2011,41.39284
Mali,MLI,2012,44.070316
Mali,MLI,2013,33.676575
Mali,MLI,2014,38.017597
Mali,MLI,2015,44.172035
Mali,MLI,2016,40.466076
Mali,MLI,2017,40.82719
Mali,MLI,2018,36.882183
Mali,MLI,2019,35.4028
Mali,MLI,2020,34.645924
Mali,MLI,2021,34.914387
Mali,MLI,2022,37.33489
Mali,MLI,2023,35.524044
Malta,MLT,1990,15.997734
Malta,MLT,1991,16.23554
Malta,MLT,1992,16.254187
Malta,MLT,1993,16.272833
Malta,MLT,1994,16.29148
Malta,MLT,1995,16.748447
Malta,MLT,1996,16.328772
Malta,MLT,1997,16.347418
Malta,MLT,1998,16.366064
Malta,MLT,1999,16.38471
Malta,MLT,2000,16.184196
Malta,MLT,2001,15.777853
Malta,MLT,2002,15.984196
Malta,MLT,2003,17.574177
Malta,MLT,2004,16.186504
Malta,MLT,2005,15.388735
Malta,MLT,2006,14.772366
Malta,MLT,2007,14.555473
Malta,MLT,2008,14.855118
Malta,MLT,2009,13.582922
Malta,MLT,2010,13.320291
Malta,MLT,2011,14.639881
Malta,MLT,2012,12.966599
Malta,MLT,2013,12.234164
Malta,MLT,2014,11.792586
Malta,MLT,2015,12.947012
Malta,MLT,2016,11.6920805
Malta,MLT,2017,11.450317
Malta,MLT,2018,12.5364
Malta,MLT,2019,12.115248
Malta,MLT,2020,10.416397
Malta,MLT,2021,11.922421
Malta,MLT,2022,11.578292
Malta,MLT,2023,10.808718
Marshall Islands,MHL,1990,4.8725324
Marshall Islands,MHL,1991,4.771687
Marshall Islands,MHL,1992,4.77503
Marshall Islands,MHL,1993,4.7783732
Marshall Islands,MHL,1994,4.781716
Marshall Islands,MHL,1995,4.576682
Marshall Islands,MHL,1996,4.788402
Marshall Islands,MHL,1997,4.791745
Marshall Islands,MHL,1998,4.7950883
Marshall Islands,MHL,1999,4.798431
Marshall Islands,MHL,2000,4.9059625
Marshall Islands,MHL,2001,5.1229944
Marshall Islands,MHL,2002,4.652891
Marshall Islands,MHL,2003,4.812627
Marshall Islands,MHL,2004,4.558089
Marshall Islands,MHL,2005,4.8577375
Marshall Islands,MHL,2006,5.3184757
Marshall Islands,MHL,2007,5.238907
Marshall Islands,MHL,2008,5.2644053
Marshall Islands,MHL,2009,5.2266636
Marshall Islands,MHL,2010,5.256137
Marshall Islands,MHL,2011,5.432348
Marshall Islands,MHL,2012,5.0581965
Marshall Islands,MHL,2013,4.850176
Marshall Islands,MHL,2014,4.6161532
Marshall Islands,MHL,2015,5.1016145
Marshall Islands,MHL,2016,4.1466074
Marshall Islands,MHL,2017,4.273686
Marshall Islands,MHL,2018,4.760513
Marshall Islands,MHL,2019,3.9989834
Marshall Islands,MHL,2020,4.221435
Marshall Islands,MHL,2021,4.2764273
Marshall Islands,MHL,2022,4.757451
Marshall Islands,MHL,2023,4.101597
Mauritania,MRT,1990,48.1349
Mauritania,MRT,1991,48.547165
Mauritania,MRT,1992,49.003334
Mauritania,MRT,1993,49.4595
Mauritania,MRT,1994,49.91567
Mauritania,MRT,1995,50.284035
Mauritania,MRT,1996,50.828
Mauritania,MRT,1997,51.28417
Mauritania,MRT,1998,51.740334
Mauritania,MRT,1999,52.196503
Mauritania,MRT,2000,52.696568
Mauritania,MRT,2001,41.93935
Mauritania,MRT,2002,45.922028
Mauritania,MRT,2003,46.104355
Mauritania,MRT,2004,45.677654
Mauritania,MRT,2005,46.21886
Mauritania,MRT,2006,46.480057
Mauritania,MRT,2007,48.10066
Mauritania,MRT,2008,48.350594
Mauritania,MRT,2009,44.565025
Mauritania,MRT,2010,47.605446
Mauritania,MRT,2011,49.01965
Mauritania,MRT,2012,54.102585
Mauritania,MRT,2013,42.78233
Mauritania,MRT,2014,43.94533
Mauritania,MRT,2015,53.016285
Mauritania,MRT,2016,47.911892
Mauritania,MRT,2017,50.45277
Mauritania,MRT,2018,46.467606
Mauritania,MRT,2019,43.691498
Mauritania,MRT,2020,45.44532
Mauritania,MRT,2021,48.987965
Mauritania,MRT,2022,45.039948
Mauritania,MRT,2023,46.5014
Mauritius,MUS,1990,13.626617
Mauritius,MUS,1991,13.763881
Mauritius,MUS,1992,13.871273
Mauritius,MUS,1993,13.978666
Mauritius,MUS,1994,14.086059
Mauritius,MUS,1995,14.253193
Mauritius,MUS,1996,14.300844
Mauritius,MUS,1997,14.4082365
Mauritius,MUS,1998,14.51563
Mauritius,MUS,1999,14.623022
Mauritius,MUS,2000,14.700544
Mauritius,MUS,2001,14.510907
Mauritius,MUS,2002,14.301953
Mauritius,MUS,2003,14.455101
Mauritius,MUS,2004,14.9584465
Mauritius,MUS,2005,17.403866
Mauritius,MUS,2006,17.015957
Mauritius,MUS,2007,16.862968
Mauritius,MUS,2008,16.934734
Mauritius,MUS,2009,16.765064
Mauritius,MUS,2010,16.476992
Mauritius,MUS,2011,15.968964
Mauritius,MUS,2012,15.413204
Mauritius,MUS,2013,15.203665
Mauritius,MUS,2014,14.179959
Mauritius,MUS,2015,14.319408
Mauritius,MUS,2016,15.431871
Mauritius,MUS,2017,15.186108
Mauritius,MUS,2018,15.155739
Mauritius,MUS,2019,15.023682
Mauritius,MUS,2020,14.137547
Mauritius,MUS,2021,14.240116
Mauritius,MUS,2022,15.054807
Mauritius,MUS,2023,14.061082
Mexico,MEX,1990,21.770672
Mexico,MEX,1991,21.719616
Mexico,MEX,1992,21.622332
Mexico,MEX,1993,21.52505
Mexico,MEX,1994,21.427765
Mexico,MEX,1995,21.422937
Mexico,MEX,1996,21.233196
Mexico,MEX,1997,21.135914
Mexico,MEX,1998,21.03863
Mexico,MEX,1999,20.941345
Mexico,MEX,2000,20.797832
Mexico,MEX,2001,16.964832
Mexico,MEX,2002,17.41477
Mexico,MEX,2003,17.696896
Mexico,MEX,2004,15.6942835
Mexico,MEX,2005,15.786749
Mexico,MEX,2006,16.977503
Mexico,MEX,2007,17.545368
Mexico,MEX,2008,17.310293
Mexico,MEX,2009,17.0732
Mexico,MEX,2010,15.853057
Mexico,MEX,2011,17.960392
Mexico,MEX,2012,16.88507
Mexico,MEX,2013,17.567867
Mexico,MEX,2014,15.934823
Mexico,MEX,2015,17.003267
Mexico,MEX,2016,16.532682
Mexico,MEX,2017,16.828588
Mexico,MEX,2018,16.33139
Mexico,MEX,2019,17.084574
Mexico,MEX,2020,16.72376
Mexico,MEX,2021,16.824308
Mexico,MEX,2022,16.632992
Mexico,MEX,2023,16.60996
Micronesia (country),FSM,1990,4.737301
Micronesia (country),FSM,1991,4.6595016
Micronesia (country),FSM,1992,4.6617746
Micronesia (country),FSM,1993,4.664048
Micronesia (country),FSM,1994,4.6663213
Micronesia (country),FSM,1995,4.508449
Micronesia (country),FSM,1996,4.670868
Micronesia (country),FSM,1997,4.673141
Micronesia (country),FSM,1998,4.6754146
Micronesia (country),FSM,1999,4.6776876
Micronesia (country),FSM,2000,4.7600336
Micronesia (country),FSM,2001,4.9236903
Micronesia (country),FSM,2002,4.8489275
Micronesia (country),FSM,2003,4.675822
Micronesia (country),FSM,2004,4.435244
Micronesia (country),FSM,2005,4.596607
Micronesia (country),FSM,2006,4.652934
Micronesia (country),FSM,2007,4.6260977
Micronesia (country),FSM,2008,4.638419
Micronesia (country),FSM,2009,4.777339
Micronesia (country),FSM,2010,4.421137
Micronesia (country),FSM,2011,4.867851
Micronesia (country),FSM,2012,4.5073
Micronesia (country),FSM,2013,4.3018193
Micronesia (country),FSM,2014,4.447787
Micronesia (country),FSM,2015,4.6726923
Micronesia (country),FSM,2016,3.7957237
Micronesia (country),FSM,2017,3.574541
Micronesia (country),FSM,2018,4.0495257
Micronesia (country),FSM,2019,3.7824378
Micronesia (country),FSM,2020,3.5225506
Micronesia (country),FSM,2021,3.5697806
Micronesia (country),FSM,2022,4.0297394
Micronesia (country),FSM,2023,3.5166533
"Middle East, North Africa, Afghanistan and Pakistan (WB)",WB_MENAP,1990,42.058178
"Middle East, North Africa, Afghanistan and Pakistan (WB)",WB_MENAP,1991,41.859634
"Middle East, North Africa, Afghanistan and Pakistan (WB)",WB_MENAP,1992,42.04587
"Middle East, North Africa, Afghanistan and Pakistan (WB)",WB_MENAP,1993,42.253147
"Middle East, North Africa, Afghanistan and Pakistan (WB)",WB_MENAP,1994,42.462128
"Middle East, North Africa, Afghanistan and Pakistan (WB)",WB_MENAP,1995,41.91853
"Middle East, North Africa, Afghanistan and Pakistan (WB)",WB_MENAP,1996,42.847538
"Middle East, North Africa, Afghanistan and Pakistan (WB)",WB_MENAP,1997,43.041847
"Middle East, North Africa, Afghanistan and Pakistan (WB)",WB_MENAP,1998,43.240906
"Middle East, North Africa, Afghanistan and Pakistan (WB)",WB_MENAP,1999,43.44072
"Middle East, North Africa, Afghanistan and Pakistan (WB)",WB_MENAP,2000,44.027145
"Middle East, North Africa, Afghanistan and Pakistan (WB)",WB_MENAP,2001,43.28324
"Middle East, North Africa, Afghanistan and Pakistan (WB)",WB_MENAP,2002,43.956615
"Middle East, North Africa, Afghanistan and Pakistan (WB)",WB_MENAP,2003,46.779675
"Middle East, North Africa, Afghanistan and Pakistan (WB)",WB_MENAP,2004,45.13804
"Middle East, North Africa, Afghanistan and Pakistan (WB)",WB_MENAP,2005,44.457424
"Middle East, North Africa, Afghanistan and Pakistan (WB)",WB_MENAP,2006,42.679874
"Middle East, North Africa, Afghanistan and Pakistan (WB)",WB_MENAP,2007,42.280178
"Middle East, North Africa, Afghanistan and Pakistan (WB)",WB_MENAP,2008,42.80868
"Middle East, North Africa, Afghanistan and Pakistan (WB)",WB_MENAP,2009,42.814583
"Middle East, North Africa, Afghanistan and Pakistan (WB)",WB_MENAP,2010,45.95194
"Middle East, North Africa, Afghanistan and Pakistan (WB)",WB_MENAP,2011,44.296936
"Middle East, North Africa, Afghanistan and Pakistan (WB)",WB_MENAP,2012,44.747
"Middle East, North Africa, Afghanistan and Pakistan (WB)",WB_MENAP,2013,44.445698
"Middle East, North Africa, Afghanistan and Pakistan (WB)",WB_MENAP,2014,42.813534
"Middle East, North Africa, Afghanistan and Pakistan (WB)",WB_MENAP,2015,46.030663
"Middle East, North Africa, Afghanistan and Pakistan (WB)",WB_MENAP,2016,44.618404
"Middle East, North Africa, Afghanistan and Pakistan (WB)",WB_MENAP,2017,44.860954
"Middle East, North Africa, Afghanistan and Pakistan (WB)",WB_MENAP,2018,46.892242
"Middle East, North Africa, Afghanistan and Pakistan (WB)",WB_MENAP,2019,43.265007
"Middle East, North Africa, Afghanistan and Pakistan (WB)",WB_MENAP,2020,42.511547
"Middle East, North Africa, Afghanistan and Pakistan (WB)",WB_MENAP,2021,44.955223
"Middle East, North Africa, Afghanistan and Pakistan (WB)",WB_MENAP,2022,47.082066
"Middle East, North Africa, Afghanistan and Pakistan (WB)",WB_MENAP,2023,45.3618
Moldova,MDA,1990,33.534565
Moldova,MDA,1991,33.465828
Moldova,MDA,1992,32.924618
Moldova,MDA,1993,32.383408
Moldova,MDA,1994,31.842197
Moldova,MDA,1995,32.245934
Moldova,MDA,1996,30.759775
Moldova,MDA,1997,30.218565
Moldova,MDA,1998,29.677355
Moldova,MDA,1999,29.136143
Moldova,MDA,2000,28.12246
Moldova,MDA,2001,28.261154
Moldova,MDA,2002,30.89983
Moldova,MDA,2003,25.047705
Moldova,MDA,2004,23.203615
Moldova,MDA,2005,22.352749
Moldova,MDA,2006,21.093401
Moldova,MDA,2007,19.866684
Moldova,MDA,2008,18.583656
Moldova,MDA,2009,18.040218
Moldova,MDA,2010,17.25057
Moldova,MDA,2011,18.198187
Moldova,MDA,2012,20.133127
Moldova,MDA,2013,17.571968
Moldova,MDA,2014,18.281544
Moldova,MDA,2015,16.194078
Moldova,MDA,2016,16.891998
Moldova,MDA,2017,18.172869
Moldova,MDA,2018,17.170195
Moldova,MDA,2019,14.342763
Moldova,MDA,2020,15.583903
Moldova,MDA,2021,15.613578
Moldova,MDA,2022,14.552322
Moldova,MDA,2023,14.945091
Monaco,MCO,1990,12.493781
Monaco,MCO,1991,11.845523
Monaco,MCO,1992,12.56171
Monaco,MCO,1993,13.277898
Monaco,MCO,1994,13.994085
Monaco,MCO,1995,11.98138
Monaco,MCO,1996,15.42646
Monaco,MCO,1997,16.142647
Monaco,MCO,1998,16.858835
Monaco,MCO,1999,17.575022
Monaco,MCO,2000,19.655655
Monaco,MCO,2001,18.42904
Monaco,MCO,2002,19.432547
Monaco,MCO,2003,20.89495
Monaco,MCO,2004,17.664509
Monaco,MCO,2005,18.47328
Monaco,MCO,2006,16.977345
Monaco,MCO,2007,16.130955
Monaco,MCO,2008,16.278437
Monaco,MCO,2009,16.633265
Monaco,MCO,2010,16.253452
Monaco,MCO,2011,17.009182
Monaco,MCO,2012,17.496744
Monaco,MCO,2013,13.820238
Monaco,MCO,2014,12.030479
Monaco,MCO,2015,14.5245
Monaco,MCO,2016,13.687366
Monaco,MCO,2017,14.975556
Monaco,MCO,2018,13.050963
Monaco,MCO,2019,12.5583315
Monaco,MCO,2020,11.825763
Monaco,MCO,2021,11.731488
Monaco,MCO,2022,12.841853
Monaco,MCO,2023,11.377982
Mongolia,MNG,1990,25.469671
Mongolia,MNG,1991,25.230043
Mongolia,MNG,1992,25.431614
Mongolia,MNG,1993,25.633184
Mongolia,MNG,1994,25.834755
Mongolia,MNG,1995,25.153927
Mongolia,MNG,1996,26.237898
Mongolia,MNG,1997,26.439468
Mongolia,MNG,1998,26.641039
Mongolia,MNG,1999,26.84261
Mongolia,MNG,2000,27.48538
Mongolia,MNG,2001,27.833773
Mongolia,MNG,2002,29.839535
Mongolia,MNG,2003,30.849545
Mongolia,MNG,2004,26.264147
Mongolia,MNG,2005,26.965406
Mongolia,MNG,2006,42.786587
Mongolia,MNG,2007,47.649704
Mongolia,MNG,2008,47.478153
Mongolia,MNG,2009,44.293526
Mongolia,MNG,2010,43.695255
Mongolia,MNG,2011,46.17387
Mongolia,MNG,2012,43.512703
Mongolia,MNG,2013,45.41287
Mongolia,MNG,2014,41.32158
Mongolia,MNG,2015,44.900978
Mongolia,MNG,2016,47.47948
Mongolia,MNG,2017,43.80216
Mongolia,MNG,2018,40.279675
Mongolia,MNG,2019,44.152943
Mongolia,MNG,2020,40.220604
Mongolia,MNG,2021,48.74959
Mongolia,MNG,2022,40.92158
Mongolia,MNG,2023,42.69169
Montenegro,MNE,1990,30.587994
Montenegro,MNE,1991,30.315937
Montenegro,MNE,1992,29.740793
Montenegro,MNE,1993,29.165648
Montenegro,MNE,1994,28.590504
Montenegro,MNE,1995,28.621536
Montenegro,MNE,1996,27.440214
Montenegro,MNE,1997,26.86507
Montenegro,MNE,1998,26.289927
Montenegro,MNE,1999,25.71478
Montenegro,MNE,2000,24.836548
Montenegro,MNE,2001,24.309837
Montenegro,MNE,2002,26.55946
Montenegro,MNE,2003,28.892992
Montenegro,MNE,2004,25.509636
Montenegro,MNE,2005,25.172714
Montenegro,MNE,2006,25.758623
Montenegro,MNE,2007,25.207108
Montenegro,MNE,2008,24.212236
Montenegro,MNE,2009,23.74572
Montenegro,MNE,2010,21.538244
Montenegro,MNE,2011,28.799154
Montenegro,MNE,2012,24.197943
Montenegro,MNE,2013,22.917126
Montenegro,MNE,2014,20.08248
Montenegro,MNE,2015,22.505983
Montenegro,MNE,2016,20.802885
Montenegro,MNE,2017,21.936039
Montenegro,MNE,2018,22.166515
Montenegro,MNE,2019,19.940134
Montenegro,MNE,2020,19.452509
Montenegro,MNE,2021,18.561607
Montenegro,MNE,2022,18.682209
Montenegro,MNE,2023,18.454653
Morocco,MAR,1990,14.625098
Morocco,MAR,1991,14.6112795
Morocco,MAR,1992,15.0169325
Morocco,MAR,1993,15.4225855
Morocco,MAR,1994,15.8282385
Morocco,MAR,1995,15.394949
Morocco,MAR,1996,16.639545
Morocco,MAR,1997,17.045198
Morocco,MAR,1998,17.450851
Morocco,MAR,1999,17.856504
Morocco,MAR,2000,18.681627
Morocco,MAR,2001,18.202112
Morocco,MAR,2002,17.390285
Morocco,MAR,2003,17.405891
Morocco,MAR,2004,18.831055
Morocco,MAR,2005,18.85804
Morocco,MAR,2006,19.624733
Morocco,MAR,2007,19.731462
Morocco,MAR,2008,19.597832
Morocco,MAR,2009,20.69131
Morocco,MAR,2010,21.062624
Morocco,MAR,2011,20.01179
Morocco,MAR,2012,18.16456
Morocco,MAR,2013,17.287813
Morocco,MAR,2014,17.51288
Morocco,MAR,2015,19.867094
Morocco,MAR,2016,18.960247
Morocco,MAR,2017,21.32696
Morocco,MAR,2018,18.457155
Morocco,MAR,2019,17.160069
Morocco,MAR,2020,17.674555
Morocco,MAR,2021,18.880898
Morocco,MAR,2022,21.323254
Morocco,MAR,2023,18.720652
Mozambique,MOZ,1990,15.863872
Mozambique,MOZ,1991,15.661326
Mozambique,MOZ,1992,15.716219
Mozambique,MOZ,1993,15.7711115
Mozambique,MOZ,1994,15.826005
Mozambique,MOZ,1995,15.36602
Mozambique,MOZ,1996,15.93579
Mozambique,MOZ,1997,15.990683
Mozambique,MOZ,1998,16.045576
Mozambique,MOZ,1999,16.100468
Mozambique,MOZ,2000,16.4128
Mozambique,MOZ,2001,18.493174
Mozambique,MOZ,2002,16.364544
Mozambique,MOZ,2003,15.06873
Mozambique,MOZ,2004,15.090998
Mozambique,MOZ,2005,15.820753
Mozambique,MOZ,2006,17.430353
Mozambique,MOZ,2007,18.12117
Mozambique,MOZ,2008,17.937508
Mozambique,MOZ,2009,16.371893
Mozambique,MOZ,2010,18.2023
Mozambique,MOZ,2011,15.605176
Mozambique,MOZ,2012,15.984033
Mozambique,MOZ,2013,15.96278
Mozambique,MOZ,2014,13.930884
Mozambique,MOZ,2015,15.32406
Mozambique,MOZ,2016,13.976649
Mozambique,MOZ,2017,13.817
Mozambique,MOZ,2018,15.866781
Mozambique,MOZ,2019,16.135338
Mozambique,MOZ,2020,13.037154
Mozambique,MOZ,2021,13.309798
Mozambique,MOZ,2022,16.04502
Mozambique,MOZ,2023,13.721683
Myanmar,MMR,1990,45.00155
Myanmar,MMR,1991,44.20323
Myanmar,MMR,1992,43.831333
Myanmar,MMR,1993,43.459435
Myanmar,MMR,1994,43.087536
Myanmar,MMR,1995,41.86281
Myanmar,MMR,1996,42.34374
Myanmar,MMR,1997,41.97184
Myanmar,MMR,1998,41.59994
Myanmar,MMR,1999,41.228043
Myanmar,MMR,2000,41.28256
Myanmar,MMR,2001,41.75589
Myanmar,MMR,2002,42.924816
Myanmar,MMR,2003,41.610325
Myanmar,MMR,2004,44.13823
Myanmar,MMR,2005,43.1276
Myanmar,MMR,2006,37.954773
Myanmar,MMR,2007,35.23252
Myanmar,MMR,2008,36.65065
Myanmar,MMR,2009,38.13099
Myanmar,MMR,2010,36.431717
Myanmar,MMR,2011,34.089592
Myanmar,MMR,2012,34.26299
Myanmar,MMR,2013,36.13935
Myanmar,MMR,2014,36.441475
Myanmar,MMR,2015,34.643448
Myanmar,MMR,2016,35.53274
Myanmar,MMR,2017,33.520733
Myanmar,MMR,2018,36.19571
Myanmar,MMR,2019,36.712868
Myanmar,MMR,2020,36.88412
Myanmar,MMR,2021,36.861378
Myanmar,MMR,2022,32.849854
Myanmar,MMR,2023,35.06653
Namibia,NAM,1990,16.30858
Namibia,NAM,1991,16.16896
Namibia,NAM,1992,16.229284
Namibia,NAM,1993,16.289608
Namibia,NAM,1994,16.349932
Namibia,NAM,1995,16.01037
Namibia,NAM,1996,16.47058
Namibia,NAM,1997,16.530903
Namibia,NAM,1998,16.591227
Namibia,NAM,1999,16.65155
Namibia,NAM,2000,16.911818
Namibia,NAM,2001,17.46728
Namibia,NAM,2002,17.821133
Namibia,NAM,2003,16.215378
Namibia,NAM,2004,15.649906
Namibia,NAM,2005,16.30042
Namibia,NAM,2006,16.689728
Namibia,NAM,2007,18.265408
Namibia,NAM,2008,18.65299
Namibia,NAM,2009,17.423794
Namibia,NAM,2010,21.195679
Namibia,NAM,2011,19.148695
Namibia,NAM,2012,17.755543
Namibia,NAM,2013,17.010204
Namibia,NAM,2014,14.613099
Namibia,NAM,2015,16.433687
Namibia,NAM,2016,15.175033
Namibia,NAM,2017,15.414597
Namibia,NAM,2018,16.537363
Namibia,NAM,2019,15.4572525
Namibia,NAM,2020,14.430044
Namibia,NAM,2021,14.451873
Namibia,NAM,2022,16.699938
Namibia,NAM,2023,14.225301
Nauru,NRU,1990,5.2084727
Nauru,NRU,1991,5.3187757
Nauru,NRU,1992,5.3859596
Nauru,NRU,1993,5.453144
Nauru,NRU,1994,5.520328
Nauru,NRU,1995,5.6737494
Nauru,NRU,1996,5.654696
Nauru,NRU,1997,5.72188
Nauru,NRU,1998,5.789064
Nauru,NRU,1999,5.856248
Nauru,NRU,2000,5.8803134
Nauru,NRU,2001,5.8425546
Nauru,NRU,2002,5.644751
Nauru,NRU,2003,5.5254555
Nauru,NRU,2004,5.1523175
Nauru,NRU,2005,5.5148954
Nauru,NRU,2006,5.170586
Nauru,NRU,2007,4.6598077
Nauru,NRU,2008,4.701859
Nauru,NRU,2009,5.412846
Nauru,NRU,2010,5.0642405
Nauru,NRU,2011,4.6745725
Nauru,NRU,2012,5.191743
Nauru,NRU,2013,5.7902365
Nauru,NRU,2014,5.8229103
Nauru,NRU,2015,6.8480587
Nauru,NRU,2016,4.692269
Nauru,NRU,2017,4.5819516
Nauru,NRU,2018,4.8478327
Nauru,NRU,2019,6.8204823
Nauru,NRU,2020,4.2855306
Nauru,NRU,2021,4.022052
Nauru,NRU,2022,4.3640933
Nauru,NRU,2023,4.838579
Nepal,NPL,1990,42.559494
Nepal,NPL,1991,41.6614
Nepal,NPL,1992,41.62958
Nepal,NPL,1993,41.597767
Nepal,NPL,1994,41.565952
Nepal,NPL,1995,39.801575
Nepal,NPL,1996,41.50232
Nepal,NPL,1997,41.470505
Nepal,NPL,1998,41.43869
Nepal,NPL,1999,41.406876
Nepal,NPL,2000,42.24134
Nepal,NPL,2001,43.64163
Nepal,NPL,2002,43.93549
Nepal,NPL,2003,44.27558
Nepal,NPL,2004,42.864872
Nepal,NPL,2005,42.539043
Nepal,NPL,2006,48.798267
Nepal,NPL,2007,51.87263
Nepal,NPL,2008,54.48992
Nepal,NPL,2009,58.942497
Nepal,NPL,2010,50.377106
Nepal,NPL,2011,52.74886
Nepal,NPL,2012,54.51073
Nepal,NPL,2013,49.888542
Nepal,NPL,2014,50.691765
Nepal,NPL,2015,52.08935
Nepal,NPL,2016,51.90689
Nepal,NPL,2017,53.03426
Nepal,NPL,2018,59.530624
Nepal,NPL,2019,54.275875
Nepal,NPL,2020,51.133377
Nepal,NPL,2021,56.835228
Nepal,NPL,2022,50.63225
Nepal,NPL,2023,53.200344
Netherlands,NLD,1990,21.658237
Netherlands,NLD,1991,21.643639
Netherlands,NLD,1992,21.369217
Netherlands,NLD,1993,21.094793
Netherlands,NLD,1994,20.820372
Netherlands,NLD,1995,21.065596
Netherlands,NLD,1996,20.271526
Netherlands,NLD,1997,19.997105
Netherlands,NLD,1998,19.722683
Netherlands,NLD,1999,19.44826
Netherlands,NLD,2000,18.914015
Netherlands,NLD,2001,17.125942
Netherlands,NLD,2002,17.760366
Netherlands,NLD,2003,19.39986
Netherlands,NLD,2004,17.44253
Netherlands,NLD,2005,17.102718
Netherlands,NLD,2006,15.594214
Netherlands,NLD,2007,15.267286
Netherlands,NLD,2008,15.746647
Netherlands,NLD,2009,16.109325
Netherlands,NLD,2010,16.02623
Netherlands,NLD,2011,15.875181
Netherlands,NLD,2012,13.057941
Netherlands,NLD,2013,13.620318
Netherlands,NLD,2014,13.308664
Netherlands,NLD,2015,12.056641
Netherlands,NLD,2016,11.720978
Netherlands,NLD,2017,11.512545
Netherlands,NLD,2018,12.166093
Netherlands,NLD,2019,10.544825
Netherlands,NLD,2020,8.959772
Netherlands,NLD,2021,10.03025
Netherlands,NLD,2022,9.715993
Netherlands,NLD,2023,8.587574
New Zealand,NZL,1990,8.591203
New Zealand,NZL,1991,8.482666
New Zealand,NZL,1992,8.452128
New Zealand,NZL,1993,8.42159
New Zealand,NZL,1994,8.391051
New Zealand,NZL,1995,8.204517
New Zealand,NZL,1996,8.329974
New Zealand,NZL,1997,8.299437
New Zealand,NZL,1998,8.268898
New Zealand,NZL,1999,8.238359
New Zealand,NZL,2000,8.285819
New Zealand,NZL,2001,8.16663
New Zealand,NZL,2002,8.099455
New Zealand,NZL,2003,7.8340487
New Zealand,NZL,2004,7.751361
New Zealand,NZL,2005,7.6912827
New Zealand,NZL,2006,7.1845107
New Zealand,NZL,2007,7.02749
New Zealand,NZL,2008,7.0047565
New Zealand,NZL,2009,6.8809123
New Zealand,NZL,2010,6.9633174
New Zealand,NZL,2011,7.1458097
New Zealand,NZL,2012,6.6166716
New Zealand,NZL,2013,6.6897078
New Zealand,NZL,2014,6.46804
New Zealand,NZL,2015,6.5830126
New Zealand,NZL,2016,6.600798
New Zealand,NZL,2017,6.645461
New Zealand,NZL,2018,6.6452436
New Zealand,NZL,2019,7.7237105
New Zealand,NZL,2020,7.0514283
New Zealand,NZL,2021,6.6452565
New Zealand,NZL,2022,6.9854226
New Zealand,NZL,2023,6.881385
Nicaragua,NIC,1990,25.602646
Nicaragua,NIC,1991,25.529558
Nicaragua,NIC,1992,25.581926
Nicaragua,NIC,1993,25.634295
Nicaragua,NIC,1994,25.686665
Nicaragua,NIC,1995,25.488117
Nicaragua,NIC,1996,25.7914
Nicaragua,NIC,1997,25.843771
Nicaragua,NIC,1998,25.89614
Nicaragua,NIC,1999,25.94851
Nicaragua,NIC,2000,26.126335
Nicaragua,NIC,2001,25.679688
Nicaragua,NIC,2002,25.679861
Nicaragua,NIC,2003,26.422457
Nicaragua,NIC,2004,23.343729
Nicaragua,NIC,2005,24.875872
Nicaragua,NIC,2006,23.19672
Nicaragua,NIC,2007,22.263472
Nicaragua,NIC,2008,21.79274
Nicaragua,NIC,2009,19.97916
Nicaragua,NIC,2010,21.483202
Nicaragua,NIC,2011,21.737606
Nicaragua,NIC,2012,19.831627
Nicaragua,NIC,2013,21.073929
Nicaragua,NIC,2014,19.096607
Nicaragua,NIC,2015,20.827295
Nicaragua,NIC,2016,19.933636
Nicaragua,NIC,2017,20.145214
Nicaragua,NIC,2018,21.16877
Nicaragua,NIC,2019,20.213118
Nicaragua,NIC,2020,21.685349
Nicaragua,NIC,2021,20.06561
Nicaragua,NIC,2022,20.82292
Nicaragua,NIC,2023,20.418083
Niger,NER,1990,55.71385
Niger,NER,1991,54.64888
Niger,NER,1992,54.919613
Niger,NER,1993,55.19035
Niger,NER,1994,55.461082
Niger,NER,1995,53.060413
Niger,NER,1996,56.002552
Niger,NER,1997,56.273285
Niger,NER,1998,56.544018
Niger,NER,1999,56.814754
Niger,NER,2000,58.42119
Niger,NER,2001,57.667397
Niger,NER,2002,58.6975
Niger,NER,2003,50.073112
Niger,NER,2004,69.372795
Niger,NER,2005,60.35235
Niger,NER,2006,71.89106
Niger,NER,2007,76.78659
Niger,NER,2008,75.40615
Niger,NER,2009,68.26804
Niger,NER,2010,68.07173
Niger,NER,2011,68.671265
Niger,NER,2012,62.36984
Niger,NER,2013,57.056065
Niger,NER,2014,60.767918
Niger,NER,2015,82.58554
Niger,NER,2016,77.78709
Niger,NER,2017,70.116844
Niger,NER,2018,59.78077
Niger,NER,2019,55.459354
Niger,NER,2020,65.23288
Niger,NER,2021,62.6986
Niger,NER,2022,74.57357
Niger,NER,2023,65.23029
Nigeria,NGA,1990,64.73411
Nigeria,NGA,1991,63.694687
Nigeria,NGA,1992,64.06358
Nigeria,NGA,1993,64.43248
Nigeria,NGA,1994,64.80138
Nigeria,NGA,1995,62.353634
Nigeria,NGA,1996,65.53916
Nigeria,NGA,1997,65.90806
Nigeria,NGA,1998,66.276955
Nigeria,NGA,1999,66.64585
Nigeria,NGA,2000,68.42306
Nigeria,NGA,2001,58.12139
Nigeria,NGA,2002,61.705284
Nigeria,NGA,2003,51.474728
Nigeria,NGA,2004,61.79357
Nigeria,NGA,2005,57.181446
Nigeria,NGA,2006,63.273216
Nigeria,NGA,2007,67.306145
Nigeria,NGA,2008,66.80272
Nigeria,NGA,2009,59.963737
Nigeria,NGA,2010,57.04536
Nigeria,NGA,2011,60.598186
Nigeria,NGA,2012,59.62272
Nigeria,NGA,2013,52.23907
Nigeria,NGA,2014,54.130585
Nigeria,NGA,2015,75.12907
Nigeria,NGA,2016,69.37225
Nigeria,NGA,2017,68.22463
Nigeria,NGA,2018,60.068275
Nigeria,NGA,2019,56.174236
Nigeria,NGA,2020,63.702526
Nigeria,NGA,2021,63.75055
Nigeria,NGA,2022,70.61691
Nigeria,NGA,2023,65.740616
North America (WB),WB_NA,1990,15.257218
North America (WB),WB_NA,1991,15.29753
North America (WB),WB_NA,1992,15.164992
North America (WB),WB_NA,1993,15.032515
North America (WB),WB_NA,1994,14.899507
North America (WB),WB_NA,1995,15.11368
North America (WB),WB_NA,1996,14.633496
North America (WB),WB_NA,1997,14.500849
North America (WB),WB_NA,1998,14.368826
North America (WB),WB_NA,1999,14.236746
North America (WB),WB_NA,2000,13.930205
North America (WB),WB_NA,2001,13.277417
North America (WB),WB_NA,2002,13.15238
North America (WB),WB_NA,2003,12.879496
North America (WB),WB_NA,2004,12.134125
North America (WB),WB_NA,2005,12.871373
North America (WB),WB_NA,2006,11.396009
North America (WB),WB_NA,2007,10.590316
North America (WB),WB_NA,2008,10.077815
North America (WB),WB_NA,2009,9.170169
North America (WB),WB_NA,2010,9.085597
North America (WB),WB_NA,2011,9.232789
North America (WB),WB_NA,2012,8.533913
North America (WB),WB_NA,2013,8.298155
North America (WB),WB_NA,2014,8.312759
North America (WB),WB_NA,2015,7.985661
North America (WB),WB_NA,2016,7.2625866
North America (WB),WB_NA,2017,7.614302
North America (WB),WB_NA,2018,7.6940765
North America (WB),WB_NA,2019,7.184571
North America (WB),WB_NA,2020,7.5588417
North America (WB),WB_NA,2021,8.190254
North America (WB),WB_NA,2022,7.319293
North America (WB),WB_NA,2023,6.923261
North Korea,PRK,1990,25.772284
North Korea,PRK,1991,25.397795
North Korea,PRK,1992,25.398853
North Korea,PRK,1993,25.39991
North Korea,PRK,1994,25.400969
North Korea,PRK,1995,24.650934
North Korea,PRK,1996,25.403084
North Korea,PRK,1997,25.404142
North Korea,PRK,1998,25.405201
North Korea,PRK,1999,25.406258
North Korea,PRK,2000,25.782864
North Korea,PRK,2001,26.682938
North Korea,PRK,2002,25.71526
North Korea,PRK,2003,26.315393
North Korea,PRK,2004,25.972029
North Korea,PRK,2005,25.599821
North Korea,PRK,2006,27.64556
North Korea,PRK,2007,28.49322
North Korea,PRK,2008,27.695667
North Korea,PRK,2009,28.11827
North Korea,PRK,2010,22.07555
North Korea,PRK,2011,25.371464
North Korea,PRK,2012,25.160402
North Korea,PRK,2013,24.56569
North Korea,PRK,2014,31.424358
North Korea,PRK,2015,30.290867
North Korea,PRK,2016,26.625652
North Korea,PRK,2017,25.074043
North Korea,PRK,2018,21.22554
North Korea,PRK,2019,21.83925
North Korea,PRK,2020,22.422129
North Korea,PRK,2021,22.059395
North Korea,PRK,2022,20.838251
North Korea,PRK,2023,21.77612
North Macedonia,MKD,1990,35.68922
North Macedonia,MKD,1991,35.032986
North Macedonia,MKD,1992,34.621933
North Macedonia,MKD,1993,34.210884
North Macedonia,MKD,1994,33.79983
North Macedonia,MKD,1995,32.89842
North Macedonia,MKD,1996,32.977726
North Macedonia,MKD,1997,32.566673
North Macedonia,MKD,1998,32.15562
North Macedonia,MKD,1999,31.74457
North Macedonia,MKD,2000,31.578697
North Macedonia,MKD,2001,30.089636
North Macedonia,MKD,2002,32.600388
North Macedonia,MKD,2003,35.068043
North Macedonia,MKD,2004,31.093885
North Macedonia,MKD,2005,31.306742
North Macedonia,MKD,2006,30.326797
North Macedonia,MKD,2007,29.049501
North Macedonia,MKD,2008,28.571863
North Macedonia,MKD,2009,27.37435
North Macedonia,MKD,2010,26.919796
North Macedonia,MKD,2011,30.006367
North Macedonia,MKD,2012,28.782656
North Macedonia,MKD,2013,28.512213
North Macedonia,MKD,2014,25.746452
North Macedonia,MKD,2015,26.843094
North Macedonia,MKD,2016,24.840082
North Macedonia,MKD,2017,24.116707
North Macedonia,MKD,2018,25.452087
North Macedonia,MKD,2019,23.553091
North Macedonia,MKD,2020,22.50722
North Macedonia,MKD,2021,22.121777
North Macedonia,MKD,2022,22.50166
North Macedonia,MKD,2023,21.811714
Northern Mariana Islands,MNP,1990,4.2298236
Northern Mariana Islands,MNP,1991,4.144325
Northern Mariana Islands,MNP,1992,4.1098714
Northern Mariana Islands,MNP,1993,4.075418
Northern Mariana Islands,MNP,1994,4.0409646
Northern Mariana Islands,MNP,1995,3.9044201
Northern Mariana Islands,MNP,1996,3.9720576
Northern Mariana Islands,MNP,1997,3.937604
Northern Mariana Islands,MNP,1998,3.9031506
Northern Mariana Islands,MNP,1999,3.8686972
Northern Mariana Islands,MNP,2000,3.885289
Northern Mariana Islands,MNP,2001,4.0195036
Northern Mariana Islands,MNP,2002,4.458927
Northern Mariana Islands,MNP,2003,3.8993535
Northern Mariana Islands,MNP,2004,4.0501423
Northern Mariana Islands,MNP,2005,3.4677126
Northern Mariana Islands,MNP,2006,3.5967155
Northern Mariana Islands,MNP,2007,3.6590426
Northern Mariana Islands,MNP,2008,3.5106227
Northern Mariana Islands,MNP,2009,3.3453314
Northern Mariana Islands,MNP,2010,3.2260752
Northern Mariana Islands,MNP,2011,3.646799
Northern Mariana Islands,MNP,2012,3.8215096
Northern Mariana Islands,MNP,2013,3.593289
Northern Mariana Islands,MNP,2014,3.8134515
Northern Mariana Islands,MNP,2015,3.9492586
Northern Mariana Islands,MNP,2016,3.3293436
Northern Mariana Islands,MNP,2017,3.1980906
Northern Mariana Islands,MNP,2018,2.7971902
Northern Mariana Islands,MNP,2019,2.709197
Northern Mariana Islands,MNP,2020,2.4263303
Northern Mariana Islands,MNP,2021,2.7836149
Northern Mariana Islands,MNP,2022,2.795781
Northern Mariana Islands,MNP,2023,2.6781795
Norway,NOR,1990,12.459237
Norway,NOR,1991,12.347599
Norway,NOR,1992,12.2194
Norway,NOR,1993,12.091202
Norway,NOR,1994,11.963003
Norway,NOR,1995,11.867926
Norway,NOR,1996,11.706606
Norway,NOR,1997,11.578407
Norway,NOR,1998,11.450209
Norway,NOR,1999,11.32201
Norway,NOR,2000,11.177251
Norway,NOR,2001,9.705818
Norway,NOR,2002,10.013169
Norway,NOR,2003,10.8244505
Norway,NOR,2004,9.295812
Norway,NOR,2005,9.147101
Norway,NOR,2006,8.432516
Norway,NOR,2007,7.844659
Norway,NOR,2008,7.540827
Norway,NOR,2009,7.678895
Norway,NOR,2010,7.8188405
Norway,NOR,2011,8.331342
Norway,NOR,2012,6.946811
Norway,NOR,2013,7.0715547
Norway,NOR,2014,7.150947
Norway,NOR,2015,6.225601
Norway,NOR,2016,6.37541
Norway,NOR,2017,5.879067
Norway,NOR,2018,6.695463
Norway,NOR,2019,6.1522584
Norway,NOR,2020,5.351358
Norway,NOR,2021,6.3253517
Norway,NOR,2022,6.020289
Norway,NOR,2023,5.521411
Oman,OMN,1990,47.128857
Oman,OMN,1991,45.006935
Oman,OMN,1992,44.903248
Oman,OMN,1993,44.79956
Oman,OMN,1994,44.695877
Oman,OMN,1995,40.555717
Oman,OMN,1996,44.488503
Oman,OMN,1997,44.384815
Oman,OMN,1998,44.281128
Oman,OMN,1999,44.17744
Oman,OMN,2000,46.09199
Oman,OMN,2001,44.412502
Oman,OMN,2002,41.72487
Oman,OMN,2003,46.12563
Oman,OMN,2004,47.891346
Oman,OMN,2005,46.122242
Oman,OMN,2006,43.72129
Oman,OMN,2007,45.05875
Oman,OMN,2008,46.806522
Oman,OMN,2009,46.43814
Oman,OMN,2010,45.06541
Oman,OMN,2011,48.191704
Oman,OMN,2012,54.118256
Oman,OMN,2013,47.68791
Oman,OMN,2014,41.579338
Oman,OMN,2015,46.89663
Oman,OMN,2016,45.257168
Oman,OMN,2017,45.959206
Oman,OMN,2018,50.482983
Oman,OMN,2019,45.63143
Oman,OMN,2020,42.039215
Oman,OMN,2021,45.75667
Oman,OMN,2022,52.137726
Oman,OMN,2023,46.85576
Pakistan,PAK,1990,58.49495
Pakistan,PAK,1991,57.104355
Pakistan,PAK,1992,56.9799
Pakistan,PAK,1993,56.855446
Pakistan,PAK,1994,56.73099
Pakistan,PAK,1995,54.07425
Pakistan,PAK,1996,56.48208
Pakistan,PAK,1997,56.357624
Pakistan,PAK,1998,56.23317
Pakistan,PAK,1999,56.108715
Pakistan,PAK,2000,57.250404
Pakistan,PAK,2001,56.554333
Pakistan,PAK,2002,57.828003
Pakistan,PAK,2003,58.037544
Pakistan,PAK,2004,56.743664
Pakistan,PAK,2005,56.83966
Pakistan,PAK,2006,54.00211
Pakistan,PAK,2007,52.82433
Pakistan,PAK,2008,52.663258
Pakistan,PAK,2009,50.923435
Pakistan,PAK,2010,57.093224
Pakistan,PAK,2011,55.173386
Pakistan,PAK,2012,55.910233
Pakistan,PAK,2013,54.257927
Pakistan,PAK,2014,54.726513
Pakistan,PAK,2015,57.70034
Pakistan,PAK,2016,56.6205
Pakistan,PAK,2017,56.678196
Pakistan,PAK,2018,61.497993
Pakistan,PAK,2019,53.462444
Pakistan,PAK,2020,54.839794
Pakistan,PAK,2021,58.59015
Pakistan,PAK,2022,57.861767
Pakistan,PAK,2023,58.37452
Palau,PLW,1990,6.690881
Palau,PLW,1991,6.5397544
Palau,PLW,1992,6.477852
Palau,PLW,1993,6.415949
Palau,PLW,1994,6.3540463
Palau,PLW,1995,6.113696
Palau,PLW,1996,6.230241
Palau,PLW,1997,6.1683383
Palau,PLW,1998,6.106436
Palau,PLW,1999,6.044533
Palau,PLW,2000,6.071854
Palau,PLW,2001,6.8385806
Palau,PLW,2002,8.429599
Palau,PLW,2003,6.8749027
Palau,PLW,2004,6.9332066
Palau,PLW,2005,5.939564
Palau,PLW,2006,6.3085093
Palau,PLW,2007,6.24104
Palau,PLW,2008,6.4555497
Palau,PLW,2009,7.647303
Palau,PLW,2010,4.754337
Palau,PLW,2011,5.928794
Palau,PLW,2012,6.5094185
Palau,PLW,2013,5.7841935
Palau,PLW,2014,6.9605546
Palau,PLW,2015,7.8763733
Palau,PLW,2016,5.578335
Palau,PLW,2017,5.0558944
Palau,PLW,2018,5.5358324
Palau,PLW,2019,5.5088124
Palau,PLW,2020,4.43763
Palau,PLW,2021,5.023012
Palau,PLW,2022,5.2605743
Palau,PLW,2023,4.9410996
Palestine,PSE,1990,21.293798
Palestine,PSE,1991,22.208895
Palestine,PSE,1992,22.34555
Palestine,PSE,1993,22.482204
Palestine,PSE,1994,22.61886
Palestine,PSE,1995,24.312397
Palestine,PSE,1996,22.892168
Palestine,PSE,1997,23.028824
Palestine,PSE,1998,23.165478
Palestine,PSE,1999,23.302134
Palestine,PSE,2000,22.660345
Palestine,PSE,2001,23.853529
Palestine,PSE,2002,24.512365
Palestine,PSE,2003,27.01317
Palestine,PSE,2004,26.523273
Palestine,PSE,2005,23.933916
Palestine,PSE,2006,21.802288
Palestine,PSE,2007,20.839813
Palestine,PSE,2008,21.252895
Palestine,PSE,2009,21.745586
Palestine,PSE,2010,25.106792
Palestine,PSE,2011,20.404558
Palestine,PSE,2012,21.488897
Palestine,PSE,2013,21.822218
Palestine,PSE,2014,20.446972
Palestine,PSE,2015,23.40353
Palestine,PSE,2016,20.152279
Palestine,PSE,2017,20.629831
Palestine,PSE,2018,22.535969
Palestine,PSE,2019,23.041397
Palestine,PSE,2020,22.14263
Palestine,PSE,2021,21.870626
Palestine,PSE,2022,23.734512
Palestine,PSE,2023,22.394098
Panama,PAN,1990,18.4554
Panama,PAN,1991,18.233942
Panama,PAN,1992,18.326805
Panama,PAN,1993,18.41967
Panama,PAN,1994,18.512533
Panama,PAN,1995,17.97675
Panama,PAN,1996,18.698261
Panama,PAN,1997,18.791126
Panama,PAN,1998,18.88399
Panama,PAN,1999,18.976854
Panama,PAN,2000,19.384043
Panama,PAN,2001,17.946445
Panama,PAN,2002,17.82963
Panama,PAN,2003,19.299448
Panama,PAN,2004,17.33919
Panama,PAN,2005,17.628672
Panama,PAN,2006,15.964512
Panama,PAN,2007,14.964526
Panama,PAN,2008,15.213541
Panama,PAN,2009,15.53081
Panama,PAN,2010,15.580124
Panama,PAN,2011,15.171629
Panama,PAN,2012,16.034132
Panama,PAN,2013,15.368644
Panama,PAN,2014,15.961999
Panama,PAN,2015,16.978306
Panama,PAN,2016,15.594616
Panama,PAN,2017,14.762734
Panama,PAN,2018,14.842645
Panama,PAN,2019,15.349864
Panama,PAN,2020,15.190741
Panama,PAN,2021,14.754566
Panama,PAN,2022,15.213922
Panama,PAN,2023,15.121053
Papua New Guinea,PNG,1990,16.021875
Papua New Guinea,PNG,1991,15.689219
Papua New Guinea,PNG,1992,15.626481
Papua New Guinea,PNG,1993,15.563743
Papua New Guinea,PNG,1994,15.501004
Papua New Guinea,PNG,1995,14.898429
Papua New Guinea,PNG,1996,15.375528
Papua New Guinea,PNG,1997,15.31279
Papua New Guinea,PNG,1998,15.2500515
Papua New Guinea,PNG,1999,15.187313
Papua New Guinea,PNG,2000,15.394494
Papua New Guinea,PNG,2001,14.182231
Papua New Guinea,PNG,2002,13.467503
Papua New Guinea,PNG,2003,14.001109
Papua New Guinea,PNG,2004,13.570203
Papua New Guinea,PNG,2005,13.463469
Papua New Guinea,PNG,2006,14.714095
Papua New Guinea,PNG,2007,15.832225
Papua New Guinea,PNG,2008,15.891905
Papua New Guinea,PNG,2009,15.387815
Papua New Guinea,PNG,2010,16.498568
Papua New Guinea,PNG,2011,14.3977585
Papua New Guinea,PNG,2012,13.456694
Papua New Guinea,PNG,2013,15.425647
Papua New Guinea,PNG,2014,14.893073
Papua New Guinea,PNG,2015,14.743612
Papua New Guinea,PNG,2016,13.484891
Papua New Guinea,PNG,2017,14.631252
Papua New Guinea,PNG,2018,14.1854105
Papua New Guinea,PNG,2019,13.972114
Papua New Guinea,PNG,2020,13.269782
Papua New Guinea,PNG,2021,14.648053
Papua New Guinea,PNG,2022,16.090914
Papua New Guinea,PNG,2023,14.111752
Paraguay,PRY,1990,26.827372
Paraguay,PRY,1991,26.48735
Paraguay,PRY,1992,26.29452
Paraguay,PRY,1993,26.101688
Paraguay,PRY,1994,25.908855
Paraguay,PRY,1995,25.421646
Paraguay,PRY,1996,25.523193
Paraguay,PRY,1997,25.330362
Paraguay,PRY,1998,25.137531
Paraguay,PRY,1999,24.9447
Paraguay,PRY,2000,24.899057
Paraguay,PRY,2001,24.259325
Paraguay,PRY,2002,23.761179
Paraguay,PRY,2003,26.536348
Paraguay,PRY,2004,24.532991
Paraguay,PRY,2005,23.522715
Paraguay,PRY,2006,20.889267
Paraguay,PRY,2007,17.902357
Paraguay,PRY,2008,17.483944
Paraguay,PRY,2009,14.856212
Paraguay,PRY,2010,16.609884
Paraguay,PRY,2011,14.3574915
Paraguay,PRY,2012,14.101014
Paraguay,PRY,2013,12.222062
Paraguay,PRY,2014,14.101341
Paraguay,PRY,2015,15.0240135
Paraguay,PRY,2016,14.094045
Paraguay,PRY,2017,14.305665
Paraguay,PRY,2018,13.034425
Paraguay,PRY,2019,16.398596
Paraguay,PRY,2020,19.646688
Paraguay,PRY,2021,15.773246
Paraguay,PRY,2022,14.396765
Paraguay,PRY,2023,15.327993
Peru,PER,1990,69.290634
Peru,PER,1991,68.77995
Peru,PER,1992,67.83232
Peru,PER,1993,66.88469
Peru,PER,1994,65.937065
Peru,PER,1995,65.86332
Peru,PER,1996,64.0418
Peru,PER,1997,63.094173
Peru,PER,1998,62.14654
Peru,PER,1999,61.198914
Peru,PER,2000,59.81434
Peru,PER,2001,63.736565
Peru,PER,2002,60.98841
Peru,PER,2003,59.61433
Peru,PER,2004,58.261276
Peru,PER,2005,58.087902
Peru,PER,2006,38.3799
Peru,PER,2007,28.058975
Peru,PER,2008,27.65465
Peru,PER,2009,28.791645
Peru,PER,2010,31.37301
Peru,PER,2011,29.706354
Peru,PER,2012,28.70819
Peru,PER,2013,29.749727
Peru,PER,2014,27.105791
Peru,PER,2015,29.274483
Peru,PER,2016,30.56137
Peru,PER,2017,31.262516
Peru,PER,2018,31.115187
Peru,PER,2019,30.672466
Peru,PER,2020,29.856745
Peru,PER,2021,28.94663
Peru,PER,2022,32.478764
Peru,PER,2023,31.093853
Philippines,PHL,1990,38.523094
Philippines,PHL,1991,37.845215
Philippines,PHL,1992,37.464
Philippines,PHL,1993,37.082787
Philippines,PHL,1994,36.701572
Philippines,PHL,1995,35.727024
Philippines,PHL,1996,35.93914
Philippines,PHL,1997,35.557926
Philippines,PHL,1998,35.176712
Philippines,PHL,1999,34.795498
Philippines,PHL,2000,34.71095
Philippines,PHL,2001,30.602646
Philippines,PHL,2002,31.476933
Philippines,PHL,2003,32.07034
Philippines,PHL,2004,34.189636
Philippines,PHL,2005,33.04195
Philippines,PHL,2006,26.580719
Philippines,PHL,2007,23.62602
Philippines,PHL,2008,24.338678
Philippines,PHL,2009,25.974417
Philippines,PHL,2010,22.591133
Philippines,PHL,2011,24.682213
Philippines,PHL,2012,22.565495
Philippines,PHL,2013,22.568546
Philippines,PHL,2014,22.694815
Philippines,PHL,2015,22.581104
Philippines,PHL,2016,21.8003
Philippines,PHL,2017,22.837234
Philippines,PHL,2018,22.139288
Philippines,PHL,2019,23.187143
Philippines,PHL,2020,21.767494
Philippines,PHL,2021,22.741673
Philippines,PHL,2022,24.241932
Philippines,PHL,2023,22.205301
Poland,POL,1990,32.33524
Poland,POL,1991,31.980883
Poland,POL,1992,31.335833
Poland,POL,1993,30.690783
Poland,POL,1994,30.045732
Poland,POL,1995,29.982069
Poland,POL,1996,28.75563
Poland,POL,1997,28.11058
Poland,POL,1998,27.46553
Poland,POL,1999,26.82048
Poland,POL,2000,25.884737
Poland,POL,2001,25.758871
Poland,POL,2002,29.93087
Poland,POL,2003,30.578648
Poland,POL,2004,26.571028
Poland,POL,2005,27.787014
Poland,POL,2006,26.076147
Poland,POL,2007,24.341787
Poland,POL,2008,23.02974
Poland,POL,2009,24.39664
Poland,POL,2010,28.045431
Poland,POL,2011,25.839378
Poland,POL,2012,23.675373
Poland,POL,2013,22.8772
Poland,POL,2014,23.608618
Poland,POL,2015,21.604753
Poland,POL,2016,20.936485
Poland,POL,2017,21.525208
Poland,POL,2018,22.032772
Poland,POL,2019,18.131535
Poland,POL,2020,16.440989
Poland,POL,2021,18.606886
Poland,POL,2022,15.890212
Poland,POL,2023,16.522575
Portugal,PRT,1990,13.249025
Portugal,PRT,1991,13.2660885
Portugal,PRT,1992,13.327515
Portugal,PRT,1993,13.388942
Portugal,PRT,1994,13.450368
Portugal,PRT,1995,13.423069
Portugal,PRT,1996,13.573221
Portugal,PRT,1997,13.634648
Portugal,PRT,1998,13.6960745
Portugal,PRT,1999,13.757502
Portugal,PRT,2000,13.863292
Portugal,PRT,2001,13.305659
Portugal,PRT,2002,13.277451
Portugal,PRT,2003,14.142065
Portugal,PRT,2004,12.558611
Portugal,PRT,2005,12.902024
Portugal,PRT,2006,12.6035385
Portugal,PRT,2007,11.484103
Portugal,PRT,2008,10.353033
Portugal,PRT,2009,9.556182
Portugal,PRT,2010,9.536715
Portugal,PRT,2011,10.262118
Portugal,PRT,2012,8.728687
Portugal,PRT,2013,9.105641
Portugal,PRT,2014,8.151213
Portugal,PRT,2015,10.058206
Portugal,PRT,2016,8.910772
Portugal,PRT,2017,9.842701
Portugal,PRT,2018,9.686469
Portugal,PRT,2019,8.2826185
Portugal,PRT,2020,8.747782
Portugal,PRT,2021,8.9074335
Portugal,PRT,2022,9.243896
Portugal,PRT,2023,8.765505
Puerto Rico,PRI,1990,7.6220775
Puerto Rico,PRI,1991,7.457045
Puerto Rico,PRI,1992,7.4952216
Puerto Rico,PRI,1993,7.533398
Puerto Rico,PRI,1994,7.5715747
Puerto Rico,PRI,1995,7.203333
Puerto Rico,PRI,1996,7.6479273
Puerto Rico,PRI,1997,7.686104
Puerto Rico,PRI,1998,7.7242804
Puerto Rico,PRI,1999,7.762457
Puerto Rico,PRI,2000,8.003842
Puerto Rico,PRI,2001,7.8165812
Puerto Rico,PRI,2002,7.673767
Puerto Rico,PRI,2003,7.1664934
Puerto Rico,PRI,2004,6.42255
Puerto Rico,PRI,2005,6.9291735
Puerto Rico,PRI,2006,7.3493233
Puerto Rico,PRI,2007,7.1296015
Puerto Rico,PRI,2008,6.8859377
Puerto Rico,PRI,2009,6.8832865
Puerto Rico,PRI,2010,7.759384
Puerto Rico,PRI,2011,6.175891
Puerto Rico,PRI,2012,7.2807817
Puerto Rico,PRI,2013,6.536659
Puerto Rico,PRI,2014,6.5750084
Puerto Rico,PRI,2015,6.689965
Puerto Rico,PRI,2016,7.0429378
Puerto Rico,PRI,2017,8.189288
Puerto Rico,PRI,2018,8.204243
Puerto Rico,PRI,2019,7.8186536
Puerto Rico,PRI,2020,8.159212
Puerto Rico,PRI,2021,8.380415
Puerto Rico,PRI,2022,6.3358793
Puerto Rico,PRI,2023,7.83963
Qatar,QAT,1990,109.799286
Qatar,QAT,1991,107.80487
Qatar,QAT,1992,107.76469
Qatar,QAT,1993,107.7245
Qatar,QAT,1994,107.68431
Qatar,QAT,1995,103.735664
Qatar,QAT,1996,107.60394
Qatar,QAT,1997,107.56376
Qatar,QAT,1998,107.52357
Qatar,QAT,1999,107.48338
Qatar,QAT,2000,109.39743
Qatar,QAT,2001,104.61184
Qatar,QAT,2002,94.05911
Qatar,QAT,2003,124.65745
Qatar,QAT,2004,117.67516
Qatar,QAT,2005,120.05491
Qatar,QAT,2006,97.02592
Qatar,QAT,2007,90.606125
Qatar,QAT,2008,96.89044
Qatar,QAT,2009,105.25002
Qatar,QAT,2010,98.63774
Qatar,QAT,2011,98.06074
Qatar,QAT,2012,107.01966
Qatar,QAT,2013,97.36037
Qatar,QAT,2014,90.70229
Qatar,QAT,2015,109.454605
Qatar,QAT,2016,106.1166
Qatar,QAT,2017,107.66486
Qatar,QAT,2018,107.786964
Qatar,QAT,2019,99.858536
Qatar,QAT,2020,99.19914
Qatar,QAT,2021,107.88988
Qatar,QAT,2022,111.914955
Qatar,QAT,2023,107.75857
Romania,ROU,1990,27.543175
Romania,ROU,1991,27.129906
Romania,ROU,1992,26.752893
Romania,ROU,1993,26.375883
Romania,ROU,1994,25.99887
Romania,ROU,1995,25.549343
Romania,ROU,1996,25.244848
Romania,ROU,1997,24.867838
Romania,ROU,1998,24.490826
Romania,ROU,1999,24.113813
Romania,ROU,2000,23.773062
Romania,ROU,2001,23.773787
Romania,ROU,2002,26.968843
Romania,ROU,2003,27.73445
Romania,ROU,2004,24.47958
Romania,ROU,2005,24.907911
Romania,ROU,2006,22.690388
Romania,ROU,2007,21.477888
Romania,ROU,2008,20.43404
Romania,ROU,2009,19.773132
Romania,ROU,2010,18.844992
Romania,ROU,2011,22.318523
Romania,ROU,2012,21.35233
Romania,ROU,2013,18.163147
Romania,ROU,2014,18.265509
Romania,ROU,2015,18.098938
Romania,ROU,2016,18.107042
Romania,ROU,2017,20.274305
Romania,ROU,2018,18.753885
Romania,ROU,2019,16.416677
Romania,ROU,2020,16.042036
Romania,ROU,2021,16.100374
Romania,ROU,2022,16.410091
Romania,ROU,2023,16.00773
Russia,RUS,1990,27.99613
Russia,RUS,1991,27.223804
Russia,RUS,1992,26.682524
Russia,RUS,1993,26.141243
Russia,RUS,1994,25.599962
Russia,RUS,1995,24.59659
Russia,RUS,1996,24.517403
Russia,RUS,1997,23.976122
Russia,RUS,1998,23.434841
Russia,RUS,1999,22.893562
Russia,RUS,2000,22.583328
Russia,RUS,2001,20.871191
Russia,RUS,2002,22.09344
Russia,RUS,2003,19.875183
Russia,RUS,2004,18.073029
Russia,RUS,2005,16.618517
Russia,RUS,2006,15.710284
Russia,RUS,2007,15.423622
Russia,RUS,2008,15.226254
Russia,RUS,2009,15.725079
Russia,RUS,2010,18.640947
Russia,RUS,2011,13.570669
Russia,RUS,2012,14.831827
Russia,RUS,2013,14.154364
Russia,RUS,2014,14.654501
Russia,RUS,2015,13.058526
Russia,RUS,2016,13.575886
Russia,RUS,2017,13.741507
Russia,RUS,2018,12.6740675
Russia,RUS,2019,12.556959
Russia,RUS,2020,12.444539
Russia,RUS,2021,12.927883
Russia,RUS,2022,11.796777
Russia,RUS,2023,11.566156
Rwanda,RWA,1990,37.031876
Rwanda,RWA,1991,37.649204
Rwanda,RWA,1992,37.75136
Rwanda,RWA,1993,37.853516
Rwanda,RWA,1994,37.95567
Rwanda,RWA,1995,39.088177
Rwanda,RWA,1996,38.159977
Rwanda,RWA,1997,38.262135
Rwanda,RWA,1998,38.36429
Rwanda,RWA,1999,38.466442
Rwanda,RWA,2000,38.05342
Rwanda,RWA,2001,38.490147
Rwanda,RWA,2002,36.053783
Rwanda,RWA,2003,36.903866
Rwanda,RWA,2004,38.921204
Rwanda,RWA,2005,37.541687
Rwanda,RWA,2006,37.784447
Rwanda,RWA,2007,38.747715
Rwanda,RWA,2008,39.841373
Rwanda,RWA,2009,36.26512
Rwanda,RWA,2010,39.95247
Rwanda,RWA,2011,40.297947
Rwanda,RWA,2012,40.251423
Rwanda,RWA,2013,40.608086
Rwanda,RWA,2014,36.511375
Rwanda,RWA,2015,39.127373
Rwanda,RWA,2016,38.914642
Rwanda,RWA,2017,32.906525
Rwanda,RWA,2018,32.151352
Rwanda,RWA,2019,40.17805
Rwanda,RWA,2020,38.405605
Rwanda,RWA,2021,37.096565
Rwanda,RWA,2022,36.12014
Rwanda,RWA,2023,36.006424
Saint Kitts and Nevis,KNA,1990,11.108888
Saint Kitts and Nevis,KNA,1991,11.034884
Saint Kitts and Nevis,KNA,1992,10.999866
Saint Kitts and Nevis,KNA,1993,10.964848
Saint Kitts and Nevis,KNA,1994,10.929829
Saint Kitts and Nevis,KNA,1995,10.816841
Saint Kitts and Nevis,KNA,1996,10.859793
Saint Kitts and Nevis,KNA,1997,10.824774
Saint Kitts and Nevis,KNA,1998,10.789756
Saint Kitts and Nevis,KNA,1999,10.754737
Saint Kitts and Nevis,KNA,2000,10.758703
Saint Kitts and Nevis,KNA,2001,10.7389345
Saint Kitts and Nevis,KNA,2002,10.252667
Saint Kitts and Nevis,KNA,2003,9.510958
Saint Kitts and Nevis,KNA,2004,8.561742
Saint Kitts and Nevis,KNA,2005,9.250125
Saint Kitts and Nevis,KNA,2006,9.516724
Saint Kitts and Nevis,KNA,2007,9.246974
Saint Kitts and Nevis,KNA,2008,9.6124735
Saint Kitts and Nevis,KNA,2009,10.173593
Saint Kitts and Nevis,KNA,2010,10.263608
Saint Kitts and Nevis,KNA,2011,8.554056
Saint Kitts and Nevis,KNA,2012,10.125349
Saint Kitts and Nevis,KNA,2013,8.071552
Saint Kitts and Nevis,KNA,2014,8.1447315
Saint Kitts and Nevis,KNA,2015,10.220606
Saint Kitts and Nevis,KNA,2016,9.05456
Saint Kitts and Nevis,KNA,2017,9.897574
Saint Kitts and Nevis,KNA,2018,9.185857
Saint Kitts and Nevis,KNA,2019,9.102097
Saint Kitts and Nevis,KNA,2020,8.9471035
Saint Kitts and Nevis,KNA,2021,9.737712
Saint Kitts and Nevis,KNA,2022,8.265694
Saint Kitts and Nevis,KNA,2023,8.870732
Saint Lucia,LCA,1990,11.772447
Saint Lucia,LCA,1991,11.773343
Saint Lucia,LCA,1992,11.786808
Saint Lucia,LCA,1993,11.800273
Saint Lucia,LCA,1994,11.813738
Saint Lucia,LCA,1995,11.802066
Saint Lucia,LCA,1996,11.840668
Saint Lucia,LCA,1997,11.854133
Saint Lucia,LCA,1998,11.867598
Saint Lucia,LCA,1999,11.8810625
Saint Lucia,LCA,2000,11.907096
Saint Lucia,LCA,2001,11.637592
Saint Lucia,LCA,2002,12.144083
Saint Lucia,LCA,2003,11.147137
Saint Lucia,LCA,2004,10.577168
Saint Lucia,LCA,2005,11.084163
Saint Lucia,LCA,2006,11.073288
Saint Lucia,LCA,2007,10.694879
Saint Lucia,LCA,2008,11.226268
Saint Lucia,LCA,2009,12.139741
Saint Lucia,LCA,2010,12.810137
Saint Lucia,LCA,2011,10.640115
Saint Lucia,LCA,2012,12.05796
Saint Lucia,LCA,2013,9.489364
Saint Lucia,LCA,2014,8.665764
Saint Lucia,LCA,2015,11.583128
Saint Lucia,LCA,2016,11.139988
Saint Lucia,LCA,2017,11.377341
Saint Lucia,LCA,2018,10.121864
Saint Lucia,LCA,2019,10.043365
Saint Lucia,LCA,2020,10.83266
Saint Lucia,LCA,2021,11.823379
Saint Lucia,LCA,2022,10.5002165
Saint Lucia,LCA,2023,10.425904
Saint Vincent and the Grenadines,VCT,1990,12.091799
Saint Vincent and the Grenadines,VCT,1991,12.09616
Saint Vincent and the Grenadines,VCT,1992,12.12317
Saint Vincent and the Grenadines,VCT,1993,12.150179
Saint Vincent and the Grenadines,VCT,1994,12.177189
Saint Vincent and the Grenadines,VCT,1995,12.158902
Saint Vincent and the Grenadines,VCT,1996,12.231209
Saint Vincent and the Grenadines,VCT,1997,12.258218
Saint Vincent and the Grenadines,VCT,1998,12.285228
Saint Vincent and the Grenadines,VCT,1999,12.312238
Saint Vincent and the Grenadines,VCT,2000,12.361896
Saint Vincent and the Grenadines,VCT,2001,12.033719
Saint Vincent and the Grenadines,VCT,2002,12.538809
Saint Vincent and the Grenadines,VCT,2003,11.592124
Saint Vincent and the Grenadines,VCT,2004,10.943474
Saint Vincent and the Grenadines,VCT,2005,11.602717
Saint Vincent and the Grenadines,VCT,2006,11.327566
Saint Vincent and the Grenadines,VCT,2007,10.675892
Saint Vincent and the Grenadines,VCT,2008,11.262597
Saint Vincent and the Grenadines,VCT,2009,12.203448
Saint Vincent and the Grenadines,VCT,2010,12.991811
Saint Vincent and the Grenadines,VCT,2011,10.321149
Saint Vincent and the Grenadines,VCT,2012,12.489602
Saint Vincent and the Grenadines,VCT,2013,9.536446
Saint Vincent and the Grenadines,VCT,2014,8.941059
Saint Vincent and the Grenadines,VCT,2015,12.534907
Saint Vincent and the Grenadines,VCT,2016,11.399368
Saint Vincent and the Grenadines,VCT,2017,11.940423
Saint Vincent and the Grenadines,VCT,2018,10.348398
Saint Vincent and the Grenadines,VCT,2019,10.096952
Saint Vincent and the Grenadines,VCT,2020,10.518443
Saint Vincent and the Grenadines,VCT,2021,11.826694
Saint Vincent and the Grenadines,VCT,2022,10.678422
Saint Vincent and the Grenadines,VCT,2023,10.603008
Samoa,WSM,1990,5.1560416
Samoa,WSM,1991,5.0144486
Samoa,WSM,1992,4.9957404
Samoa,WSM,1993,4.9770327
Samoa,WSM,1994,4.9583244
Samoa,WSM,1995,4.693846
Samoa,WSM,1996,4.9209085
Samoa,WSM,1997,4.9022
Samoa,WSM,1998,4.8834925
Samoa,WSM,1999,4.8647842
Samoa,WSM,2000,4.9689612
Samoa,WSM,2001,5.277259
Samoa,WSM,2002,4.895436
Samoa,WSM,2003,5.073438
Samoa,WSM,2004,4.7664824
Samoa,WSM,2005,4.956098
Samoa,WSM,2006,5.2610583
Samoa,WSM,2007,5.187637
Samoa,WSM,2008,4.9611545
Samoa,WSM,2009,4.695875
Samoa,WSM,2010,4.594942
Samoa,WSM,2011,4.02126
Samoa,WSM,2012,4.5625315
Samoa,WSM,2013,4.580092
Samoa,WSM,2014,4.6573668
Samoa,WSM,2015,5.2251906
Samoa,WSM,2016,4.631479
Samoa,WSM,2017,4.879139
Samoa,WSM,2018,4.596348
Samoa,WSM,2019,4.462257
Samoa,WSM,2020,4.4936576
Samoa,WSM,2021,3.6826868
Samoa,WSM,2022,5.327412
Samoa,WSM,2023,4.5794992
San Marino,SMR,1990,21.95113
San Marino,SMR,1991,21.791702
San Marino,SMR,1992,21.48632
San Marino,SMR,1993,21.180939
San Marino,SMR,1994,20.875557
San Marino,SMR,1995,20.862083
San Marino,SMR,1996,20.264793
San Marino,SMR,1997,19.959412
San Marino,SMR,1998,19.654028
San Marino,SMR,1999,19.348646
San Marino,SMR,2000,18.89731
San Marino,SMR,2001,17.540352
San Marino,SMR,2002,17.758291
San Marino,SMR,2003,19.090382
San Marino,SMR,2004,16.554773
San Marino,SMR,2005,17.216097
San Marino,SMR,2006,20.154852
San Marino,SMR,2007,19.296774
San Marino,SMR,2008,16.83741
San Marino,SMR,2009,15.982284
San Marino,SMR,2010,16.169329
San Marino,SMR,2011,17.312206
San Marino,SMR,2012,16.278698
San Marino,SMR,2013,14.8429785
San Marino,SMR,2014,12.992551
San Marino,SMR,2015,16.575106
San Marino,SMR,2016,13.513328
San Marino,SMR,2017,13.980812
San Marino,SMR,2018,13.253797
San Marino,SMR,2019,12.485314
San Marino,SMR,2020,12.992652
San Marino,SMR,2021,11.79818
San Marino,SMR,2022,16.696156
San Marino,SMR,2023,12.7360735
Sao Tome and Principe,STP,1990,15.966305
Sao Tome and Principe,STP,1991,15.318742
Sao Tome and Principe,STP,1992,15.32513
Sao Tome and Principe,STP,1993,15.331518
Sao Tome and Principe,STP,1994,15.337906
Sao Tome and Principe,STP,1995,14.036392
Sao Tome and Principe,STP,1996,15.350681
Sao Tome and Principe,STP,1997,15.357069
Sao Tome and Principe,STP,1998,15.363458
Sao Tome and Principe,STP,1999,15.369845
Sao Tome and Principe,STP,2000,16.030184
Sao Tome and Principe,STP,2001,14.998048
Sao Tome and Principe,STP,2002,15.99523
Sao Tome and Principe,STP,2003,14.803918
Sao Tome and Principe,STP,2004,15.628569
Sao Tome and Principe,STP,2005,16.50176
Sao Tome and Principe,STP,2006,14.17393
Sao Tome and Principe,STP,2007,13.627869
Sao Tome and Principe,STP,2008,14.106006
Sao Tome and Principe,STP,2009,12.882219
Sao Tome and Principe,STP,2010,13.905802
Sao Tome and Principe,STP,2011,15.321234
Sao Tome and Principe,STP,2012,16.67217
Sao Tome and Principe,STP,2013,16.29364
Sao Tome and Principe,STP,2014,12.3095045
Sao Tome and Principe,STP,2015,18.72352
Sao Tome and Principe,STP,2016,16.745274
Sao Tome and Principe,STP,2017,13.558908
Sao Tome and Principe,STP,2018,12.884882
Sao Tome and Principe,STP,2019,13.800883
Sao Tome and Principe,STP,2020,15.85806
Sao Tome and Principe,STP,2021,14.815673
Sao Tome and Principe,STP,2022,14.999199
Sao Tome and Principe,STP,2023,15.119534
Saudi Arabia,SAU,1990,52.56069
Saudi Arabia,SAU,1991,52.0563
Saudi Arabia,SAU,1992,53.060093
Saudi Arabia,SAU,1993,54.06388
Saudi Arabia,SAU,1994,55.067673
Saudi Arabia,SAU,1995,53.055103
Saudi Arabia,SAU,1996,57.075253
Saudi Arabia,SAU,1997,58.07904
Saudi Arabia,SAU,1998,59.082832
Saudi Arabia,SAU,1999,60.08662
Saudi Arabia,SAU,2000,62.59859
Saudi Arabia,SAU,2001,59.750862
Saudi Arabia,SAU,2002,59.16414
Saudi Arabia,SAU,2003,71.58488
Saudi Arabia,SAU,2004,68.29324
Saudi Arabia,SAU,2005,67.482185
Saudi Arabia,SAU,2006,67.79076
Saudi Arabia,SAU,2007,67.81527
Saudi Arabia,SAU,2008,69.93605
Saudi Arabia,SAU,2009,71.527374
Saudi Arabia,SAU,2010,71.119484
Saudi Arabia,SAU,2011,73.86285
Saudi Arabia,SAU,2012,74.69271
Saudi Arabia,SAU,2013,73.019905
Saudi Arabia,SAU,2014,63.41353
Saudi Arabia,SAU,2015,76.81265
Saudi Arabia,SAU,2016,70.77274
Saudi Arabia,SAU,2017,73.98939
Saudi Arabia,SAU,2018,72.686874
Saudi Arabia,SAU,2019,71.11801
Saudi Arabia,SAU,2020,68.395966
Saudi Arabia,SAU,2021,73.67313
Saudi Arabia,SAU,2022,77.79375
Saudi Arabia,SAU,2023,73.517975
Senegal,SEN,1990,45.3948
Senegal,SEN,1991,45.611706
Senegal,SEN,1992,45.800938
Senegal,SEN,1993,45.99017
Senegal,SEN,1994,46.179405
Senegal,SEN,1995,46.423985
Senegal,SEN,1996,46.55787
Senegal,SEN,1997,46.7471
Senegal,SEN,1998,46.936333
Senegal,SEN,1999,47.125565
Senegal,SEN,2000,47.287125
Senegal,SEN,2001,37.3863
Senegal,SEN,2002,43.674232
Senegal,SEN,2003,41.510822
Senegal,SEN,2004,44.611416
Senegal,SEN,2005,39.905895
Senegal,SEN,2006,40.186516
Senegal,SEN,2007,41.884773
Senegal,SEN,2008,42.074192
Senegal,SEN,2009,37.547096
Senegal,SEN,2010,40.602043
Senegal,SEN,2011,40.700073
Senegal,SEN,2012,47.69522
Senegal,SEN,2013,36.132618
Senegal,SEN,2014,38.81374
Senegal,SEN,2015,47.635468
Senegal,SEN,2016,41.938736
Senegal,SEN,2017,45.113068
Senegal,SEN,2018,41.013252
Senegal,SEN,2019,39.843376
Senegal,SEN,2020,40.655228
Senegal,SEN,2021,42.371883
Senegal,SEN,2022,39.3286
Senegal,SEN,2023,41.648365
Serbia,SRB,1990,29.674492
Serbia,SRB,1991,29.28616
Serbia,SRB,1992,28.97342
Serbia,SRB,1993,28.66068
Serbia,SRB,1994,28.34794
Serbia,SRB,1995,27.884016
Serbia,SRB,1996,27.722462
Serbia,SRB,1997,27.409721
Serbia,SRB,1998,27.096983
Serbia,SRB,1999,26.784243
Serbia,SRB,2000,26.547096
Serbia,SRB,2001,26.724854
Serbia,SRB,2002,28.915518
Serbia,SRB,2003,31.21679
Serbia,SRB,2004,27.351812
Serbia,SRB,2005,28.166414
Serbia,SRB,2006,25.751326
Serbia,SRB,2007,24.646498
Serbia,SRB,2008,24.452097
Serbia,SRB,2009,25.266096
Serbia,SRB,2010,22.501186
Serbia,SRB,2011,28.101057
Serbia,SRB,2012,25.449213
Serbia,SRB,2013,24.28455
Serbia,SRB,2014,21.655807
Serbia,SRB,2015,23.353865
Serbia,SRB,2016,22.99774
Serbia,SRB,2017,22.731985
Serbia,SRB,2018,23.03768
Serbia,SRB,2019,20.303677
Serbia,SRB,2020,20.14271
Serbia,SRB,2021,19.09429
Serbia,SRB,2022,19.548746
Serbia,SRB,2023,19.337551
Seychelles,SYC,1990,9.092117
Seychelles,SYC,1991,9.361293
Seychelles,SYC,1992,9.533431
Seychelles,SYC,1993,9.70557
Seychelles,SYC,1994,9.877708
Seychelles,SYC,1995,10.243921
Seychelles,SYC,1996,10.221986
Seychelles,SYC,1997,10.394124
Seychelles,SYC,1998,10.566263
Seychelles,SYC,1999,10.738401
Seychelles,SYC,2000,10.813503
Seychelles,SYC,2001,10.290854
Seychelles,SYC,2002,10.364815
Seychelles,SYC,2003,10.971404
Seychelles,SYC,2004,10.915983
Seychelles,SYC,2005,10.353463
Seychelles,SYC,2006,10.391654
Seychelles,SYC,2007,10.053209
Seychelles,SYC,2008,10.203099
Seychelles,SYC,2009,10.4918785
Seychelles,SYC,2010,9.465097
Seychelles,SYC,2011,9.409256
Seychelles,SYC,2012,9.70826
Seychelles,SYC,2013,10.099874
Seychelles,SYC,2014,8.8306875
Seychelles,SYC,2015,8.209907
Seychelles,SYC,2016,10.24886
Seychelles,SYC,2017,10.249881
Seychelles,SYC,2018,10.1137905
Seychelles,SYC,2019,10.161084
Seychelles,SYC,2020,8.574638
Seychelles,SYC,2021,8.804339
Seychelles,SYC,2022,9.659759
Seychelles,SYC,2023,9.259966
Sierra Leone,SLE,1990,23.888391
Sierra Leone,SLE,1991,23.03556
Sierra Leone,SLE,1992,22.996653
Sierra Leone,SLE,1993,22.957745
Sierra Leone,SLE,1994,22.918837
Sierra Leone,SLE,1995,21.25208
Sierra Leone,SLE,1996,22.841022
Sierra Leone,SLE,1997,22.802114
Sierra Leone,SLE,1998,22.763206
Sierra Leone,SLE,1999,22.7243
Sierra Leone,SLE,2000,23.499317
Sierra Leone,SLE,2001,20.834335
Sierra Leone,SLE,2002,21.889154
Sierra Leone,SLE,2003,19.760874
Sierra Leone,SLE,2004,26.702389
Sierra Leone,SLE,2005,24.020084
Sierra Leone,SLE,2006,22.62827
Sierra Leone,SLE,2007,22.983051
Sierra Leone,SLE,2008,24.555967
Sierra Leone,SLE,2009,24.09482
Sierra Leone,SLE,2010,21.781576
Sierra Leone,SLE,2011,24.850058
Sierra Leone,SLE,2012,21.860603
Sierra Leone,SLE,2013,20.663504
Sierra Leone,SLE,2014,20.351322
Sierra Leone,SLE,2015,26.65215
Sierra Leone,SLE,2016,24.654497
Sierra Leone,SLE,2017,23.238516
Sierra Leone,SLE,2018,24.090384
Sierra Leone,SLE,2019,22.50377
Sierra Leone,SLE,2020,22.671684
Sierra Leone,SLE,2021,21.367002
Sierra Leone,SLE,2022,22.365486
Sierra Leone,SLE,2023,22.46126
Singapore,SGP,1990,36.936512
Singapore,SGP,1991,32.76686
Singapore,SGP,1992,31.186169
Singapore,SGP,1993,29.605474
Singapore,SGP,1994,28.02478
Singapore,SGP,1995,21.266174
Singapore,SGP,1996,24.863392
Singapore,SGP,1997,23.282698
Singapore,SGP,1998,21.702005
Singapore,SGP,1999,20.121311
Singapore,SGP,2000,21.129572
Singapore,SGP,2001,19.737217
Singapore,SGP,2002,19.132345
Singapore,SGP,2003,17.185905
Singapore,SGP,2004,17.155836
Singapore,SGP,2005,17.526047
Singapore,SGP,2006,20.975716
Singapore,SGP,2007,19.191233
Singapore,SGP,2008,17.000057
Singapore,SGP,2009,20.625956
Singapore,SGP,2010,13.610647
Singapore,SGP,2011,16.751627
Singapore,SGP,2012,18.773914
Singapore,SGP,2013,25.488768
Singapore,SGP,2014,20.224308
Singapore,SGP,2015,26.793467
Singapore,SGP,2016,15.159315
Singapore,SGP,2017,14.399267
Singapore,SGP,2018,16.029055
Singapore,SGP,2019,18.867815
Singapore,SGP,2020,12.242618
Singapore,SGP,2021,13.818389
Singapore,SGP,2022,15.092484
Singapore,SGP,2023,15.14273
Slovakia,SVK,1990,27.270803
Slovakia,SVK,1991,27.104414
Slovakia,SVK,1992,26.561176
Slovakia,SVK,1993,26.017939
Slovakia,SVK,1994,25.4747
Slovakia,SVK,1995,25.685156
Slovakia,SVK,1996,24.388226
Slovakia,SVK,1997,23.844988
Slovakia,SVK,1998,23.30175
Slovakia,SVK,1999,22.758512
Slovakia,SVK,2000,21.838427
Slovakia,SVK,2001,22.133266
Slovakia,SVK,2002,25.11509
Slovakia,SVK,2003,26.116549
Slovakia,SVK,2004,22.679897
Slovakia,SVK,2005,23.841965
Slovakia,SVK,2006,22.68622
Slovakia,SVK,2007,21.433353
Slovakia,SVK,2008,20.041895
Slovakia,SVK,2009,21.281368
Slovakia,SVK,2010,21.963186
Slovakia,SVK,2011,23.58067
Slovakia,SVK,2012,20.593954
Slovakia,SVK,2013,20.203468
Slovakia,SVK,2014,18.901104
Slovakia,SVK,2015,18.839622
Slovakia,SVK,2016,17.533688
Slovakia,SVK,2017,18.339392
Slovakia,SVK,2018,18.200846
Slovakia,SVK,2019,15.030193
Slovakia,SVK,2020,13.920662
Slovakia,SVK,2021,15.207082
Slovakia,SVK,2022,13.752691
Slovakia,SVK,2023,13.716667
Slovenia,SVN,1990,26.848272
Slovenia,SVN,1991,26.603977
Slovenia,SVN,1992,26.068068
Slovenia,SVN,1993,25.53216
Slovenia,SVN,1994,24.99625
Slovenia,SVN,1995,25.043568
Slovenia,SVN,1996,23.924433
Slovenia,SVN,1997,23.388523
Slovenia,SVN,1998,22.852615
Slovenia,SVN,1999,22.316706
Slovenia,SVN,2000,21.489183
Slovenia,SVN,2001,20.544628
Slovenia,SVN,2002,23.190174
Slovenia,SVN,2003,24.388767
Slovenia,SVN,2004,21.420551
Slovenia,SVN,2005,22.653955
Slovenia,SVN,2006,20.565495
Slovenia,SVN,2007,19.436747
Slovenia,SVN,2008,18.22664
Slovenia,SVN,2009,18.361431
Slovenia,SVN,2010,18.715233
Slovenia,SVN,2011,21.144482
Slovenia,SVN,2012,17.725708
Slovenia,SVN,2013,16.588333
Slovenia,SVN,2014,14.867898
Slovenia,SVN,2015,17.235878
Slovenia,SVN,2016,15.916366
Slovenia,SVN,2017,16.14458
Slovenia,SVN,2018,16.176374
Slovenia,SVN,2019,13.211474
Slovenia,SVN,2020,13.208048
Slovenia,SVN,2021,12.714614
Slovenia,SVN,2022,13.653188
Slovenia,SVN,2023,12.555062
Solomon Islands,SLB,1990,9.159731
Solomon Islands,SLB,1991,9.060336
Solomon Islands,SLB,1992,9.068486
Solomon Islands,SLB,1993,9.076636
Solomon Islands,SLB,1994,9.084786
Solomon Islands,SLB,1995,8.877847
Solomon Islands,SLB,1996,9.101086
Solomon Islands,SLB,1997,9.109236
Solomon Islands,SLB,1998,9.117386
Solomon Islands,SLB,1999,9.125536
Solomon Islands,SLB,2000,9.24123
Solomon Islands,SLB,2001,10.095279
Solomon Islands,SLB,2002,9.504515
Solomon Islands,SLB,2003,9.689326
Solomon Islands,SLB,2004,9.2814865
Solomon Islands,SLB,2005,9.456455
Solomon Islands,SLB,2006,9.519574
Solomon Islands,SLB,2007,9.136309
Solomon Islands,SLB,2008,9.266416
Solomon Islands,SLB,2009,9.769275
Solomon Islands,SLB,2010,9.198919
Solomon Islands,SLB,2011,8.112225
Solomon Islands,SLB,2012,8.782653
Solomon Islands,SLB,2013,10.692454
Solomon Islands,SLB,2014,10.30648
Solomon Islands,SLB,2015,10.049858
Solomon Islands,SLB,2016,9.843036
Solomon Islands,SLB,2017,11.099574
Solomon Islands,SLB,2018,10.307417
Solomon Islands,SLB,2019,9.728483
Solomon Islands,SLB,2020,9.106258
Solomon Islands,SLB,2021,8.163662
Solomon Islands,SLB,2022,9.828581
Solomon Islands,SLB,2023,9.766399
Somalia,SOM,1990,17.051094
Somalia,SOM,1991,15.08696
Somalia,SOM,1992,15.492924
Somalia,SOM,1993,15.898889
Somalia,SOM,1994,16.304853
Somalia,SOM,1995,11.970621
Somalia,SOM,1996,17.116781
Somalia,SOM,1997,17.522745
Somalia,SOM,1998,17.92871
Somalia,SOM,1999,18.334675
Somalia,SOM,2000,21.110737
Somalia,SOM,2001,18.38301
Somalia,SOM,2002,19.025606
Somalia,SOM,2003,17.492159
Somalia,SOM,2004,17.656092
Somalia,SOM,2005,16.769993
Somalia,SOM,2006,17.608662
Somalia,SOM,2007,18.439644
Somalia,SOM,2008,18.527061
Somalia,SOM,2009,18.770607
Somalia,SOM,2010,17.362068
Somalia,SOM,2011,19.884495
Somalia,SOM,2012,20.60234
Somalia,SOM,2013,19.645878
Somalia,SOM,2014,18.002407
Somalia,SOM,2015,17.247303
Somalia,SOM,2016,17.357922
Somalia,SOM,2017,19.337543
Somalia,SOM,2018,20.13817
Somalia,SOM,2019,18.220757
Somalia,SOM,2020,18.295856
Somalia,SOM,2021,16.892193
Somalia,SOM,2022,20.054775
Somalia,SOM,2023,18.540258
South Africa,ZAF,1990,23.681032
South Africa,ZAF,1991,23.877188
South Africa,ZAF,1992,23.870337
South Africa,ZAF,1993,23.863483
South Africa,ZAF,1994,23.85663
South Africa,ZAF,1995,24.255796
South Africa,ZAF,1996,23.842926
South Africa,ZAF,1997,23.836075
South Africa,ZAF,1998,23.829222
South Africa,ZAF,1999,23.822369
South Africa,ZAF,2000,23.612509
South Africa,ZAF,2001,22.964682
South Africa,ZAF,2002,22.377216
South Africa,ZAF,2003,21.299675
South Africa,ZAF,2004,21.44833
South Africa,ZAF,2005,21.702946
South Africa,ZAF,2006,25.785
South Africa,ZAF,2007,27.936365
South Africa,ZAF,2008,27.974333
South Africa,ZAF,2009,28.401134
South Africa,ZAF,2010,32.795925
South Africa,ZAF,2011,28.53444
South Africa,ZAF,2012,28.647488
South Africa,ZAF,2013,28.406424
South Africa,ZAF,2014,26.74929
South Africa,ZAF,2015,28.496468
South Africa,ZAF,2016,26.143646
South Africa,ZAF,2017,28.757631
South Africa,ZAF,2018,27.773424
South Africa,ZAF,2019,28.86977
South Africa,ZAF,2020,28.326218
South Africa,ZAF,2021,27.722593
South Africa,ZAF,2022,28.50628
South Africa,ZAF,2023,27.72471
South Asia (WB),WB_SA,1990,52.225094
South Asia (WB),WB_SA,1991,51.221127
South Asia (WB),WB_SA,1992,51.178368
South Asia (WB),WB_SA,1993,51.13541
South Asia (WB),WB_SA,1994,51.093464
South Asia (WB),WB_SA,1995,49.1242
South Asia (WB),WB_SA,1996,51.008892
South Asia (WB),WB_SA,1997,50.966976
South Asia (WB),WB_SA,1998,50.92606
South Asia (WB),WB_SA,1999,50.885868
South Asia (WB),WB_SA,2000,51.808987
South Asia (WB),WB_SA,2001,51.51612
South Asia (WB),WB_SA,2002,52.30832
South Asia (WB),WB_SA,2003,53.30076
South Asia (WB),WB_SA,2004,51.814083
South Asia (WB),WB_SA,2005,52.39194
South Asia (WB),WB_SA,2006,50.40458
South Asia (WB),WB_SA,2007,50.550293
South Asia (WB),WB_SA,2008,52.430576
South Asia (WB),WB_SA,2009,53.949482
South Asia (WB),WB_SA,2010,52.9832
South Asia (WB),WB_SA,2011,56.068012
South Asia (WB),WB_SA,2012,54.736523
South Asia (WB),WB_SA,2013,53.222668
South Asia (WB),WB_SA,2014,53.057083
South Asia (WB),WB_SA,2015,52.494568
South Asia (WB),WB_SA,2016,54.96267
South Asia (WB),WB_SA,2017,55.583252
South Asia (WB),WB_SA,2018,58.65173
South Asia (WB),WB_SA,2019,54.540592
South Asia (WB),WB_SA,2020,53.79269
South Asia (WB),WB_SA,2021,56.950615
South Asia (WB),WB_SA,2022,51.56538
South Asia (WB),WB_SA,2023,55.16395
South Korea,KOR,1990,21.357327
South Korea,KOR,1991,21.323835
South Korea,KOR,1992,21.324059
South Korea,KOR,1993,21.324284
South Korea,KOR,1994,21.324507
South Korea,KOR,1995,21.257303
South Korea,KOR,1996,21.324957
South Korea,KOR,1997,21.32518
South Korea,KOR,1998,21.325405
South Korea,KOR,1999,21.325628
South Korea,KOR,2000,21.359568
South Korea,KOR,2001,21.22644
South Korea,KOR,2002,20.973104
South Korea,KOR,2003,20.7472
South Korea,KOR,2004,20.105669
South Korea,KOR,2005,20.717138
South Korea,KOR,2006,23.54529
South Korea,KOR,2007,24.764164
South Korea,KOR,2008,24.560825
South Korea,KOR,2009,24.494888
South Korea,KOR,2010,22.74259
South Korea,KOR,2011,21.823149
South Korea,KOR,2012,22.600353
South Korea,KOR,2013,25.061584
South Korea,KOR,2014,26.218042
South Korea,KOR,2015,24.499355
South Korea,KOR,2016,24.146631
South Korea,KOR,2017,22.090258
South Korea,KOR,2018,21.487965
South Korea,KOR,2019,21.979578
South Korea,KOR,2020,20.99837
South Korea,KOR,2021,21.545258
South Korea,KOR,2022,23.440752
South Korea,KOR,2023,21.894024
South Sudan,SSD,1990,24.117876
South Sudan,SSD,1991,22.88137
South Sudan,SSD,1992,23.187304
South Sudan,SSD,1993,23.493235
South Sudan,SSD,1994,23.799168
South Sudan,SSD,1995,21.020226
South Sudan,SSD,1996,24.411032
South Sudan,SSD,1997,24.716965
South Sudan,SSD,1998,25.022898
South Sudan,SSD,1999,25.328829
South Sudan,SSD,2000,27.177198
South Sudan,SSD,2001,25.103159
South Sudan,SSD,2002,24.729252
South Sudan,SSD,2003,25.039307
South Sudan,SSD,2004,25.356466
South Sudan,SSD,2005,26.216982
South Sudan,SSD,2006,23.93561
South Sudan,SSD,2007,24.341032
South Sudan,SSD,2008,24.70782
South Sudan,SSD,2009,23.873966
South Sudan,SSD,2010,25.122278
South Sudan,SSD,2011,28.534159
South Sudan,SSD,2012,25.93936
South Sudan,SSD,2013,27.808413
South Sudan,SSD,2014,23.733978
South Sudan,SSD,2015,24.965017
South Sudan,SSD,2016,24.559092
South Sudan,SSD,2017,25.331038
South Sudan,SSD,2018,21.701052
South Sudan,SSD,2019,24.227457
South Sudan,SSD,2020,23.06115
South Sudan,SSD,2021,24.902037
South Sudan,SSD,2022,24.288036
South Sudan,SSD,2023,23.674692
Spain,ESP,1990,16.498718
Spain,ESP,1991,16.25652
Spain,ESP,1992,16.27173
Spain,ESP,1993,16.286942
Spain,ESP,1994,16.302155
Spain,ESP,1995,15.802543
Spain,ESP,1996,16.332579
Spain,ESP,1997,16.34779
Spain,ESP,1998,16.363003
Spain,ESP,1999,16.378214
Spain,ESP,2000,16.650837
Spain,ESP,2001,15.604709
Spain,ESP,2002,15.7520485
Spain,ESP,2003,16.163403
Spain,ESP,2004,15.027939
Spain,ESP,2005,15.0413
Spain,ESP,2006,14.34472
Spain,ESP,2007,13.503873
Spain,ESP,2008,13.110079
Spain,ESP,2009,12.965719
Spain,ESP,2010,11.54007
Spain,ESP,2011,12.094295
Spain,ESP,2012,11.691996
Spain,ESP,2013,10.275908
Spain,ESP,2014,10.224611
Spain,ESP,2015,11.808526
Spain,ESP,2016,10.3473625
Spain,ESP,2017,11.165817
Spain,ESP,2018,10.503472
Spain,ESP,2019,10.43382
Spain,ESP,2020,10.0910225
Spain,ESP,2021,10.236642
Spain,ESP,2022,11.933845
Spain,ESP,2023,10.080833
Sri Lanka,LKA,1990,34.102676
Sri Lanka,LKA,1991,33.16358
Sri Lanka,LKA,1992,33.07616
Sri Lanka,LKA,1993,32.98874
Sri Lanka,LKA,1994,32.901318
Sri Lanka,LKA,1995,31.110552
Sri Lanka,LKA,1996,32.726475
Sri Lanka,LKA,1997,32.639053
Sri Lanka,LKA,1998,32.551632
Sri Lanka,LKA,1999,32.46421
Sri Lanka,LKA,2000,33.228462
Sri Lanka,LKA,2001,32.81299
Sri Lanka,LKA,2002,31.82153
Sri Lanka,LKA,2003,31.403036
Sri Lanka,LKA,2004,32.753372
Sri Lanka,LKA,2005,32.79578
Sri Lanka,LKA,2006,28.439123
Sri Lanka,LKA,2007,26.342556
Sri Lanka,LKA,2008,26.658842
Sri Lanka,LKA,2009,26.927353
Sri Lanka,LKA,2010,27.411854
Sri Lanka,LKA,2011,28.52513
Sri Lanka,LKA,2012,26.250776
Sri Lanka,LKA,2013,26.163153
Sri Lanka,LKA,2014,25.01084
Sri Lanka,LKA,2015,22.680168
Sri Lanka,LKA,2016,24.670006
Sri Lanka,LKA,2017,24.318167
Sri Lanka,LKA,2018,28.688246
Sri Lanka,LKA,2019,24.00324
Sri Lanka,LKA,2020,22.420519
Sri Lanka,LKA,2021,21.46245
Sri Lanka,LKA,2022,24.027494
Sri Lanka,LKA,2023,22.682032
Sub-Saharan Africa (WB),WB_SSA,1990,34.75951
Sub-Saharan Africa (WB),WB_SSA,1991,34.06848
Sub-Saharan Africa (WB),WB_SSA,1992,34.25521
Sub-Saharan Africa (WB),WB_SSA,1993,34.43035
Sub-Saharan Africa (WB),WB_SSA,1994,34.58935
Sub-Saharan Africa (WB),WB_SSA,1995,33.00142
Sub-Saharan Africa (WB),WB_SSA,1996,34.958984
Sub-Saharan Africa (WB),WB_SSA,1997,35.14895
Sub-Saharan Africa (WB),WB_SSA,1998,35.333458
Sub-Saharan Africa (WB),WB_SSA,1999,35.52461
Sub-Saharan Africa (WB),WB_SSA,2000,36.609116
Sub-Saharan Africa (WB),WB_SSA,2001,34.579926
Sub-Saharan Africa (WB),WB_SSA,2002,35.133762
Sub-Saharan Africa (WB),WB_SSA,2003,31.73297
Sub-Saharan Africa (WB),WB_SSA,2004,36.041767
Sub-Saharan Africa (WB),WB_SSA,2005,33.87194
Sub-Saharan Africa (WB),WB_SSA,2006,35.656853
Sub-Saharan Africa (WB),WB_SSA,2007,37.201767
Sub-Saharan Africa (WB),WB_SSA,2008,37.47921
Sub-Saharan Africa (WB),WB_SSA,2009,34.967808
Sub-Saharan Africa (WB),WB_SSA,2010,35.68655
Sub-Saharan Africa (WB),WB_SSA,2011,36.29406
Sub-Saharan Africa (WB),WB_SSA,2012,36.000164
Sub-Saharan Africa (WB),WB_SSA,2013,33.784195
Sub-Saharan Africa (WB),WB_SSA,2014,32.404114
Sub-Saharan Africa (WB),WB_SSA,2015,39.82363
Sub-Saharan Africa (WB),WB_SSA,2016,37.351135
Sub-Saharan Africa (WB),WB_SSA,2017,36.30659
Sub-Saharan Africa (WB),WB_SSA,2018,33.986538
Sub-Saharan Africa (WB),WB_SSA,2019,33.717
Sub-Saharan Africa (WB),WB_SSA,2020,35.413086
Sub-Saharan Africa (WB),WB_SSA,2021,35.16634
Sub-Saharan Africa (WB),WB_SSA,2022,37.392216
Sub-Saharan Africa (WB),WB_SSA,2023,35.4354
Sudan,SDN,1990,37.222874
Sudan,SDN,1991,35.05061
Sudan,SDN,1992,35.077827
Sudan,SDN,1993,35.10505
Sudan,SDN,1994,35.132267
Sudan,SDN,1995,30.76052
Sudan,SDN,1996,35.186707
Sudan,SDN,1997,35.213924
Sudan,SDN,1998,35.241146
Sudan,SDN,1999,35.268364
Sudan,SDN,2000,37.495068
Sudan,SDN,2001,37.519573
Sudan,SDN,2002,37.309483
Sudan,SDN,2003,37.73943
Sudan,SDN,2004,41.17329
Sudan,SDN,2005,38.892708
Sudan,SDN,2006,39.18204
Sudan,SDN,2007,38.44944
Sudan,SDN,2008,39.244225
Sudan,SDN,2009,40.642704
Sudan,SDN,2010,40.651234
Sudan,SDN,2011,42.2186
Sudan,SDN,2012,39.596447
Sudan,SDN,2013,40.68071
Sudan,SDN,2014,35.047432
Sudan,SDN,2015,40.314674
Sudan,SDN,2016,41.058575
Sudan,SDN,2017,41.578762
Sudan,SDN,2018,38.282707
Sudan,SDN,2019,37.889
Sudan,SDN,2020,34.309803
Sudan,SDN,2021,38.700844
Sudan,SDN,2022,39.01255
Sudan,SDN,2023,37.61239
Suriname,SUR,1990,25.653856
Suriname,SUR,1991,25.686134
Suriname,SUR,1992,25.892206
Suriname,SUR,1993,26.098278
Suriname,SUR,1994,26.304352
Suriname,SUR,1995,26.162834
Suriname,SUR,1996,26.716496
Suriname,SUR,1997,26.922567
Suriname,SUR,1998,27.128641
Suriname,SUR,1999,27.334713
Suriname,SUR,2000,27.71458
Suriname,SUR,2001,23.879726
Suriname,SUR,2002,22.889969
Suriname,SUR,2003,23.651512
Suriname,SUR,2004,20.587927
Suriname,SUR,2005,23.10992
Suriname,SUR,2006,19.297125
Suriname,SUR,2007,17.695866
Suriname,SUR,2008,17.627968
Suriname,SUR,2009,16.964323
Suriname,SUR,2010,16.668331
Suriname,SUR,2011,16.351599
Suriname,SUR,2012,17.559896
Suriname,SUR,2013,15.615831
Suriname,SUR,2014,15.372594
Suriname,SUR,2015,17.563894
Suriname,SUR,2016,16.094234
Suriname,SUR,2017,16.029196
Suriname,SUR,2018,15.206728
Suriname,SUR,2019,15.798724
Suriname,SUR,2020,15.573045
Suriname,SUR,2021,16.962357
Suriname,SUR,2022,16.052357
Suriname,SUR,2023,15.670163
Sweden,SWE,1990,12.011935
Sweden,SWE,1991,11.890703
Sweden,SWE,1992,11.777082
Sweden,SWE,1993,11.663462
Sweden,SWE,1994,11.549841
Sweden,SWE,1995,11.420998
Sweden,SWE,1996,11.322599
Sweden,SWE,1997,11.208978
Sweden,SWE,1998,11.095357
Sweden,SWE,1999,10.981736
Sweden,SWE,2000,10.875727
Sweden,SWE,2001,9.133279
Sweden,SWE,2002,9.580721
Sweden,SWE,2003,10.615756
Sweden,SWE,2004,9.046319
Sweden,SWE,2005,9.489651
Sweden,SWE,2006,8.697534
Sweden,SWE,2007,8.166125
Sweden,SWE,2008,7.6235137
Sweden,SWE,2009,7.45921
Sweden,SWE,2010,7.5365114
Sweden,SWE,2011,8.225739
Sweden,SWE,2012,6.625338
Sweden,SWE,2013,6.2847524
Sweden,SWE,2014,7.7758365
Sweden,SWE,2015,6.107648
Sweden,SWE,2016,5.9758854
Sweden,SWE,2017,5.6005363
Sweden,SWE,2018,6.633893
Sweden,SWE,2019,5.99033
Sweden,SWE,2020,5.3698635
Sweden,SWE,2021,5.8249617
Sweden,SWE,2022,5.6878552
Sweden,SWE,2023,5.2593813
Switzerland,CHE,1990,23.732368
Switzerland,CHE,1991,23.723877
Switzerland,CHE,1992,23.414984
Switzerland,CHE,1993,23.10609
Switzerland,CHE,1994,22.797195
Switzerland,CHE,1995,23.08911
Switzerland,CHE,1996,22.179409
Switzerland,CHE,1997,21.870514
Switzerland,CHE,1998,21.56162
Switzerland,CHE,1999,21.252728
Switzerland,CHE,2000,20.643429
Switzerland,CHE,2001,19.574482
Switzerland,CHE,2002,19.09141
Switzerland,CHE,2003,20.663507
Switzerland,CHE,2004,17.535694
Switzerland,CHE,2005,18.118116
Switzerland,CHE,2006,15.126533
Switzerland,CHE,2007,13.855641
Switzerland,CHE,2008,14.031815
Switzerland,CHE,2009,15.168237
Switzerland,CHE,2010,14.864882
Switzerland,CHE,2011,14.957909
Switzerland,CHE,2012,12.905478
Switzerland,CHE,2013,13.284799
Switzerland,CHE,2014,10.67616
Switzerland,CHE,2015,11.929173
Switzerland,CHE,2016,10.870816
Switzerland,CHE,2017,10.686373
Switzerland,CHE,2018,10.676114
Switzerland,CHE,2019,9.184163
Switzerland,CHE,2020,9.126411
Switzerland,CHE,2021,9.532894
Switzerland,CHE,2022,10.174784
Switzerland,CHE,2023,8.320223
Syria,SYR,1990,31.322487
Syria,SYR,1991,31.773676
Syria,SYR,1992,31.430325
Syria,SYR,1993,31.086975
Syria,SYR,1994,30.743624
Syria,SYR,1995,31.989351
Syria,SYR,1996,30.056923
Syria,SYR,1997,29.713572
Syria,SYR,1998,29.370222
Syria,SYR,1999,29.02687
Syria,SYR,2000,27.88898
Syria,SYR,2001,28.985916
Syria,SYR,2002,30.426365
Syria,SYR,2003,31.088764
Syria,SYR,2004,31.051805
Syria,SYR,2005,29.846754
Syria,SYR,2006,30.554668
Syria,SYR,2007,31.374006
Syria,SYR,2008,32.184772
Syria,SYR,2009,32.79801
Syria,SYR,2010,36.468994
Syria,SYR,2011,31.925129
Syria,SYR,2012,33.19163
Syria,SYR,2013,34.234287
Syria,SYR,2014,30.887169
Syria,SYR,2015,33.77197
Syria,SYR,2016,30.296124
Syria,SYR,2017,31.397419
Syria,SYR,2018,31.647566
Syria,SYR,2019,33.370384
Syria,SYR,2020,31.571024
Syria,SYR,2021,30.568117
Syria,SYR,2022,35.372993
Syria,SYR,2023,32.055202
Tajikistan,TJK,1990,21.170885
Tajikistan,TJK,1991,21.269388
Tajikistan,TJK,1992,21.528414
Tajikistan,TJK,1993,21.78744
Tajikistan,TJK,1994,22.046467
Tajikistan,TJK,1995,21.984446
Tajikistan,TJK,1996,22.564518
Tajikistan,TJK,1997,22.823545
Tajikistan,TJK,1998,23.082571
Tajikistan,TJK,1999,23.341597
Tajikistan,TJK,2000,23.761147
Tajikistan,TJK,2001,23.629396
Tajikistan,TJK,2002,22.736343
Tajikistan,TJK,2003,21.443724
Tajikistan,TJK,2004,21.20984
Tajikistan,TJK,2005,21.61091
Tajikistan,TJK,2006,28.365545
Tajikistan,TJK,2007,31.939293
Tajikistan,TJK,2008,31.926254
Tajikistan,TJK,2009,30.350664
Tajikistan,TJK,2010,32.455673
Tajikistan,TJK,2011,32.66074
Tajikistan,TJK,2012,27.218243
Tajikistan,TJK,2013,29.472546
Tajikistan,TJK,2014,30.81156
Tajikistan,TJK,2015,30.715414
Tajikistan,TJK,2016,31.356234
Tajikistan,TJK,2017,33.03046
Tajikistan,TJK,2018,33.384758
Tajikistan,TJK,2019,31.073715
Tajikistan,TJK,2020,31.43502
Tajikistan,TJK,2021,34.793835
Tajikistan,TJK,2022,34.38692
Tajikistan,TJK,2023,33.345535
Tanzania,TZA,1990,16.870642
Tanzania,TZA,1991,16.438604
Tanzania,TZA,1992,16.785345
Tanzania,TZA,1993,17.132084
Tanzania,TZA,1994,17.478823
Tanzania,TZA,1995,16.26801
Tanzania,TZA,1996,18.172302
Tanzania,TZA,1997,18.519041
Tanzania,TZA,1998,18.86578
Tanzania,TZA,1999,19.212519
Tanzania,TZA,2000,20.338036
Tanzania,TZA,2001,24.939394
Tanzania,TZA,2002,22.153091
Tanzania,TZA,2003,21.20322
Tanzania,TZA,2004,21.09338
Tanzania,TZA,2005,21.340841
Tanzania,TZA,2006,22.715437
Tanzania,TZA,2007,23.664364
Tanzania,TZA,2008,24.07692
Tanzania,TZA,2009,22.113169
Tanzania,TZA,2010,23.447292
Tanzania,TZA,2011,24.045004
Tanzania,TZA,2012,23.271786
Tanzania,TZA,2013,23.079016
Tanzania,TZA,2014,20.306625
Tanzania,TZA,2015,20.94268
Tanzania,TZA,2016,20.423828
Tanzania,TZA,2017,18.60389
Tanzania,TZA,2018,19.734226
Tanzania,TZA,2019,22.004894
Tanzania,TZA,2020,22.509485
Tanzania,TZA,2021,20.59925
Tanzania,TZA,2022,21.838951
Tanzania,TZA,2023,20.169958
Thailand,THA,1990,38.242702
Thailand,THA,1991,37.394947
Thailand,THA,1992,36.964138
Thailand,THA,1993,36.533333
Thailand,THA,1994,36.102528
Thailand,THA,1995,34.83782
Thailand,THA,1996,35.240917
Thailand,THA,1997,34.81011
Thailand,THA,1998,34.379303
Thailand,THA,1999,33.948498
Thailand,THA,2000,33.934643
Thailand,THA,2001,32.984962
Thailand,THA,2002,34.059414
Thailand,THA,2003,32.558975
Thailand,THA,2004,35.00346
Thailand,THA,2005,34.036808
Thailand,THA,2006,29.044611
Thailand,THA,2007,26.510504
Thailand,THA,2008,26.627348
Thailand,THA,2009,25.579247
Thailand,THA,2010,25.804216
Thailand,THA,2011,27.047493
Thailand,THA,2012,25.209566
Thailand,THA,2013,27.243202
Thailand,THA,2014,25.701174
Thailand,THA,2015,23.611124
Thailand,THA,2016,25.874048
Thailand,THA,2017,22.881037
Thailand,THA,2018,24.51174
Thailand,THA,2019,23.961107
Thailand,THA,2020,25.177458
Thailand,THA,2021,23.808731
Thailand,THA,2022,23.724882
Thailand,THA,2023,23.487074
Togo,TGO,1990,43.256374
Togo,TGO,1991,41.36755
Togo,TGO,1992,41.571224
Togo,TGO,1993,41.774902
Togo,TGO,1994,41.978577
Togo,TGO,1995,37.99725
Togo,TGO,1996,42.38593
Togo,TGO,1997,42.589603
Togo,TGO,1998,42.79328
Togo,TGO,1999,42.996956
Togo,TGO,2000,45.293133
Togo,TGO,2001,35.310413
Togo,TGO,2002,39.01469
Togo,TGO,2003,31.567423
Togo,TGO,2004,42.886604
Togo,TGO,2005,33.365734
Togo,TGO,2006,35.444534
Togo,TGO,2007,38.438828
Togo,TGO,2008,38.817947
Togo,TGO,2009,33.084526
Togo,TGO,2010,30.188795
Togo,TGO,2011,34.381084
Togo,TGO,2012,33.982857
Togo,TGO,2013,28.541374
Togo,TGO,2014,28.494814
Togo,TGO,2015,40.94153
Togo,TGO,2016,36.54587
Togo,TGO,2017,35.68733
Togo,TGO,2018,30.94301
Togo,TGO,2019,29.53269
Togo,TGO,2020,36.985096
Togo,TGO,2021,34.50879
Togo,TGO,2022,35.814175
Togo,TGO,2023,34.334675
Tonga,TON,1990,5.076647
Tonga,TON,1991,5.0051546
Tonga,TON,1992,4.9918103
Tonga,TON,1993,4.978466
Tonga,TON,1994,4.9651217
Tonga,TON,1995,4.835481
Tonga,TON,1996,4.938433
Tonga,TON,1997,4.925089
Tonga,TON,1998,4.9117446
Tonga,TON,1999,4.8984003
Tonga,TON,2000,4.943204
Tonga,TON,2001,5.185445
Tonga,TON,2002,4.8680515
Tonga,TON,2003,5.0158753
Tonga,TON,2004,4.865032
Tonga,TON,2005,4.8300147
Tonga,TON,2006,4.73694
Tonga,TON,2007,4.95574
Tonga,TON,2008,4.9600782
Tonga,TON,2009,4.596569
Tonga,TON,2010,4.574589
Tonga,TON,2011,4.1854143
Tonga,TON,2012,4.484519
Tonga,TON,2013,4.6046963
Tonga,TON,2014,4.290684
Tonga,TON,2015,4.292354
Tonga,TON,2016,4.0671124
Tonga,TON,2017,5.0365734
Tonga,TON,2018,4.5355473
Tonga,TON,2019,4.6843214
Tonga,TON,2020,4.32673
Tonga,TON,2021,4.623035
Tonga,TON,2022,5.30582
Tonga,TON,2023,4.6891623
Trinidad and Tobago,TTO,1990,13.877462
Trinidad and Tobago,TTO,1991,14.130206
Trinidad and Tobago,TTO,1992,14.186534
Trinidad and Tobago,TTO,1993,14.242862
Trinidad and Tobago,TTO,1994,14.29919
Trinidad and Tobago,TTO,1995,14.748349
Trinidad and Tobago,TTO,1996,14.411845
Trinidad and Tobago,TTO,1997,14.468174
Trinidad and Tobago,TTO,1998,14.524502
Trinidad and Tobago,TTO,1999,14.58083
Trinidad and Tobago,TTO,2000,14.440742
Trinidad and Tobago,TTO,2001,14.5149355
Trinidad and Tobago,TTO,2002,15.090462
Trinidad and Tobago,TTO,2003,13.789452
Trinidad and Tobago,TTO,2004,12.702813
Trinidad and Tobago,TTO,2005,13.86755
Trinidad and Tobago,TTO,2006,14.437404
Trinidad and Tobago,TTO,2007,14.483235
Trinidad and Tobago,TTO,2008,14.640029
Trinidad and Tobago,TTO,2009,14.693939
Trinidad and Tobago,TTO,2010,16.934822
Trinidad and Tobago,TTO,2011,14.008262
Trinidad and Tobago,TTO,2012,15.209205
Trinidad and Tobago,TTO,2013,13.587622
Trinidad and Tobago,TTO,2014,12.4160385
Trinidad and Tobago,TTO,2015,14.419391
Trinidad and Tobago,TTO,2016,14.508621
Trinidad and Tobago,TTO,2017,14.908515
Trinidad and Tobago,TTO,2018,12.957615
Trinidad and Tobago,TTO,2019,13.60047
Trinidad and Tobago,TTO,2020,13.951946
Trinidad and Tobago,TTO,2021,14.708157
Trinidad and Tobago,TTO,2022,14.487929
Trinidad and Tobago,TTO,2023,13.777065
Tunisia,TUN,1990,17.092299
Tunisia,TUN,1991,16.564203
Tunisia,TUN,1992,16.929848
Tunisia,TUN,1993,17.295492
Tunisia,TUN,1994,17.661137
Tunisia,TUN,1995,16.239302
Tunisia,TUN,1996,18.392424
Tunisia,TUN,1997,18.758068
Tunisia,TUN,1998,19.123713
Tunisia,TUN,1999,19.489357
Tunisia,TUN,2000,20.74874
Tunisia,TUN,2001,20.430553
Tunisia,TUN,2002,22.22797
Tunisia,TUN,2003,20.05147
Tunisia,TUN,2004,19.19178
Tunisia,TUN,2005,18.788853
Tunisia,TUN,2006,19.066423
Tunisia,TUN,2007,19.179855
Tunisia,TUN,2008,19.566164
Tunisia,TUN,2009,19.274296
Tunisia,TUN,2010,19.464647
Tunisia,TUN,2011,19.223516
Tunisia,TUN,2012,17.879904
Tunisia,TUN,2013,17.355003
Tunisia,TUN,2014,19.278841
Tunisia,TUN,2015,18.071249
Tunisia,TUN,2016,19.164019
Tunisia,TUN,2017,16.533775
Tunisia,TUN,2018,18.954609
Tunisia,TUN,2019,16.932352
Tunisia,TUN,2020,17.004974
Tunisia,TUN,2021,20.064817
Tunisia,TUN,2022,22.39731
Tunisia,TUN,2023,18.874792
Turkey,TUR,1990,25.127153
Turkey,TUR,1991,25.12153
Turkey,TUR,1992,25.196644
Turkey,TUR,1993,25.271757
Turkey,TUR,1994,25.34687
Turkey,TUR,1995,25.26051
Turkey,TUR,1996,25.497097
Turkey,TUR,1997,25.57221
Turkey,TUR,1998,25.647324
Turkey,TUR,1999,25.722439
Turkey,TUR,2000,25.878288
Turkey,TUR,2001,26.350552
Turkey,TUR,2002,27.358885
Turkey,TUR,2003,25.155697
Turkey,TUR,2004,25.290657
Turkey,TUR,2005,24.862309
Turkey,TUR,2006,25.544792
Turkey,TUR,2007,26.023035
Turkey,TUR,2008,25.831678
Turkey,TUR,2009,24.786106
Turkey,TUR,2010,27.400179
Turkey,TUR,2011,26.23227
Turkey,TUR,2012,25.853256
Turkey,TUR,2013,27.051037
Turkey,TUR,2014,27.130426
Turkey,TUR,2015,27.86287
Turkey,TUR,2016,25.069601
Turkey,TUR,2017,26.64527
Turkey,TUR,2018,26.330004
Turkey,TUR,2019,26.326893
Turkey,TUR,2020,25.16529
Turkey,TUR,2021,25.22422
Turkey,TUR,2022,27.69166
Turkey,TUR,2023,26.40416
Turkmenistan,TKM,1990,30.787046
Turkmenistan,TKM,1991,31.398764
Turkmenistan,TKM,1992,31.440535
Turkmenistan,TKM,1993,31.482307
Turkmenistan,TKM,1994,31.52408
Turkmenistan,TKM,1995,32.705738
Turkmenistan,TKM,1996,31.607624
Turkmenistan,TKM,1997,31.649397
Turkmenistan,TKM,1998,31.69117
Turkmenistan,TKM,1999,31.73294
Turkmenistan,TKM,2000,31.204771
Turkmenistan,TKM,2001,32.077137
Turkmenistan,TKM,2002,30.765945
Turkmenistan,TKM,2003,27.862188
Turkmenistan,TKM,2004,26.758078
Turkmenistan,TKM,2005,27.345095
Turkmenistan,TKM,2006,29.833204
Turkmenistan,TKM,2007,32.643776
Turkmenistan,TKM,2008,32.644382
Turkmenistan,TKM,2009,29.987507
Turkmenistan,TKM,2010,32.658413
Turkmenistan,TKM,2011,33.578518
Turkmenistan,TKM,2012,27.991066
Turkmenistan,TKM,2013,30.45965
Turkmenistan,TKM,2014,32.8746
Turkmenistan,TKM,2015,29.424438
Turkmenistan,TKM,2016,27.741673
Turkmenistan,TKM,2017,30.968966
Turkmenistan,TKM,2018,33.035812
Turkmenistan,TKM,2019,28.01602
Turkmenistan,TKM,2020,28.717031
Turkmenistan,TKM,2021,35.131084
Turkmenistan,TKM,2022,33.362446
Turkmenistan,TKM,2023,31.247562
Tuvalu,TUV,1990,5.6869955
Tuvalu,TUV,1991,5.6395144
Tuvalu,TUV,1992,5.7097635
Tuvalu,TUV,1993,5.780012
Tuvalu,TUV,1994,5.850261
Tuvalu,TUV,1995,5.6850495
Tuvalu,TUV,1996,5.9907594
Tuvalu,TUV,1997,6.0610085
Tuvalu,TUV,1998,6.131257
Tuvalu,TUV,1999,6.201506
Tuvalu,TUV,2000,6.3894854
Tuvalu,TUV,2001,6.4336147
Tuvalu,TUV,2002,6.179701
Tuvalu,TUV,2003,6.170023
Tuvalu,TUV,2004,5.7426014
Tuvalu,TUV,2005,6.0960345
Tuvalu,TUV,2006,5.981001
Tuvalu,TUV,2007,5.8156457
Tuvalu,TUV,2008,5.6961617
Tuvalu,TUV,2009,5.3417783
Tuvalu,TUV,2010,5.512629
Tuvalu,TUV,2011,4.4515915
Tuvalu,TUV,2012,5.2188177
Tuvalu,TUV,2013,5.8767776
Tuvalu,TUV,2014,5.4165797
Tuvalu,TUV,2015,5.5051756
Tuvalu,TUV,2016,5.189432
Tuvalu,TUV,2017,4.954643
Tuvalu,TUV,2018,5.3079653
Tuvalu,TUV,2019,5.65115
Tuvalu,TUV,2020,5.3807273
Tuvalu,TUV,2021,4.7815857
Tuvalu,TUV,2022,5.4010205
Tuvalu,TUV,2023,5.224048
Uganda,UGA,1990,27.563467
Uganda,UGA,1991,27.639421
Uganda,UGA,1992,28.05631
Uganda,UGA,1993,28.4732
Uganda,UGA,1994,28.890087
Uganda,UGA,1995,28.625105
Uganda,UGA,1996,29.723866
Uganda,UGA,1997,30.140755
Uganda,UGA,1998,30.557644
Uganda,UGA,1999,30.974533
Uganda,UGA,2000,31.732359
Uganda,UGA,2001,33.086357
Uganda,UGA,2002,30.551538
Uganda,UGA,2003,29.619564
Uganda,UGA,2004,30.64457
Uganda,UGA,2005,29.230522
Uganda,UGA,2006,30.898413
Uganda,UGA,2007,32.09179
Uganda,UGA,2008,32.23127
Uganda,UGA,2009,29.09295
Uganda,UGA,2010,33.02227
Uganda,UGA,2011,34.13835
Uganda,UGA,2012,33.23005
Uganda,UGA,2013,34.561832
Uganda,UGA,2014,30.816698
Uganda,UGA,2015,31.321686
Uganda,UGA,2016,31.654978
Uganda,UGA,2017,27.80464
Uganda,UGA,2018,27.57439
Uganda,UGA,2019,32.573566
Uganda,UGA,2020,33.424423
Uganda,UGA,2021,32.266285
Uganda,UGA,2022,31.891922
Uganda,UGA,2023,31.214825
Ukraine,UKR,1990,36.055164
Ukraine,UKR,1991,35.81888
Ukraine,UKR,1992,35.25732
Ukraine,UKR,1993,34.695763
Ukraine,UKR,1994,34.134205
Ukraine,UKR,1995,34.223194
Ukraine,UKR,1996,33.011086
Ukraine,UKR,1997,32.449528
Ukraine,UKR,1998,31.88797
Ukraine,UKR,1999,31.326412
Ukraine,UKR,2000,30.43958
Ukraine,UKR,2001,29.547655
Ukraine,UKR,2002,31.303165
Ukraine,UKR,2003,26.559711
Ukraine,UKR,2004,24.963346
Ukraine,UKR,2005,23.805002
Ukraine,UKR,2006,20.99425
Ukraine,UKR,2007,19.748074
Ukraine,UKR,2008,19.41772
Ukraine,UKR,2009,19.691874
Ukraine,UKR,2010,20.136063
Ukraine,UKR,2011,19.513416
Ukraine,UKR,2012,19.294516
Ukraine,UKR,2013,18.974443
Ukraine,UKR,2014,19.042858
Ukraine,UKR,2015,17.144812
Ukraine,UKR,2016,17.073694
Ukraine,UKR,2017,17.94825
Ukraine,UKR,2018,17.438465
Ukraine,UKR,2019,16.290163
Ukraine,UKR,2020,15.992964
Ukraine,UKR,2021,15.727805
Ukraine,UKR,2022,14.023371
Ukraine,UKR,2023,14.854702
United Arab Emirates,ARE,1990,56.238636
United Arab Emirates,ARE,1991,56.374645
United Arab Emirates,ARE,1992,56.363922
United Arab Emirates,ARE,1993,56.353203
United Arab Emirates,ARE,1994,56.342484
United Arab Emirates,ARE,1995,56.625217
United Arab Emirates,ARE,1996,56.32104
United Arab Emirates,ARE,1997,56.310318
United Arab Emirates,ARE,1998,56.2996
United Arab Emirates,ARE,1999,56.28888
United Arab Emirates,ARE,2000,56.131428
United Arab Emirates,ARE,2001,56.3905
United Arab Emirates,ARE,2002,48.90076
United Arab Emirates,ARE,2003,60.769077
United Arab Emirates,ARE,2004,61.16299
United Arab Emirates,ARE,2005,56.321186
United Arab Emirates,ARE,2006,53.056755
United Arab Emirates,ARE,2007,54.626392
United Arab Emirates,ARE,2008,56.26329
United Arab Emirates,ARE,2009,55.879562
United Arab Emirates,ARE,2010,55.537014
United Arab Emirates,ARE,2011,57.15004
United Arab Emirates,ARE,2012,64.1374
United Arab Emirates,ARE,2013,55.88983
United Arab Emirates,ARE,2014,50.625298
United Arab Emirates,ARE,2015,58.40022
United Arab Emirates,ARE,2016,53.88837
United Arab Emirates,ARE,2017,55.748352
United Arab Emirates,ARE,2018,58.225315
United Arab Emirates,ARE,2019,55.02772
United Arab Emirates,ARE,2020,47.919857
United Arab Emirates,ARE,2021,56.306545
United Arab Emirates,ARE,2022,67.69472
United Arab Emirates,ARE,2023,57.186733
United Kingdom,GBR,1990,20.108566
United Kingdom,GBR,1991,20.16171
United Kingdom,GBR,1992,19.939032
United Kingdom,GBR,1993,19.716352
United Kingdom,GBR,1994,19.493675
United Kingdom,GBR,1995,19.822643
United Kingdom,GBR,1996,19.048317
United Kingdom,GBR,1997,18.82564
United Kingdom,GBR,1998,18.60296
United Kingdom,GBR,1999,18.380281
United Kingdom,GBR,2000,17.88178
United Kingdom,GBR,2001,15.804087
United Kingdom,GBR,2002,16.387789
United Kingdom,GBR,2003,19.354486
United Kingdom,GBR,2004,15.5840025
United Kingdom,GBR,2005,16.113644
United Kingdom,GBR,2006,13.462026
United Kingdom,GBR,2007,12.137002
United Kingdom,GBR,2008,11.985766
United Kingdom,GBR,2009,11.988196
United Kingdom,GBR,2010,12.538979
United Kingdom,GBR,2011,13.017005
United Kingdom,GBR,2012,11.175127
United Kingdom,GBR,2013,12.495289
United Kingdom,GBR,2014,12.157217
United Kingdom,GBR,2015,10.498466
United Kingdom,GBR,2016,10.663101
United Kingdom,GBR,2017,10.365011
United Kingdom,GBR,2018,10.605907
United Kingdom,GBR,2019,10.289071
United Kingdom,GBR,2020,9.521716
United Kingdom,GBR,2021,9.995796
United Kingdom,GBR,2022,10.0166445
United Kingdom,GBR,2023,9.46283
United States,USA,1990,15.907267
United States,USA,1991,15.947499
United States,USA,1992,15.805496
United States,USA,1993,15.663494
United States,USA,1994,15.521491
United States,USA,1995,15.743958
United States,USA,1996,15.237485
United States,USA,1997,15.095483
United States,USA,1998,14.95348
United States,USA,1999,14.811477
United States,USA,2000,14.487239
United States,USA,2001,13.749565
United States,USA,2002,13.634112
United States,USA,2003,13.320015
United States,USA,2004,12.575447
United States,USA,2005,13.339296
United States,USA,2006,11.7478695
United States,USA,2007,10.878144
United States,USA,2008,10.339967
United States,USA,2009,9.368788
United States,USA,2010,9.300517
United States,USA,2011,9.434625
United States,USA,2012,8.713152
United States,USA,2013,8.426651
United States,USA,2014,8.408081
United States,USA,2015,8.05235
United States,USA,2016,7.3841915
United States,USA,2017,7.6934433
United States,USA,2018,7.7575064
United States,USA,2019,7.269163
United States,USA,2020,7.7351265
United States,USA,2021,8.23139
United States,USA,2022,7.428238
United States,USA,2023,6.9680448
United States Virgin Islands,VIR,1990,7.4793243
United States Virgin Islands,VIR,1991,7.3275127
United States Virgin Islands,VIR,1992,7.369161
United States Virgin Islands,VIR,1993,7.4108095
United States Virgin Islands,VIR,1994,7.4524574
United States Virgin Islands,VIR,1995,7.107187
United States Virgin Islands,VIR,1996,7.535754
United States Virgin Islands,VIR,1997,7.577402
United States Virgin Islands,VIR,1998,7.6190505
United States Virgin Islands,VIR,1999,7.660699
United States Virgin Islands,VIR,2000,7.8958063
United States Virgin Islands,VIR,2001,7.7295833
United States Virgin Islands,VIR,2002,7.586237
United States Virgin Islands,VIR,2003,7.0575333
United States Virgin Islands,VIR,2004,6.386439
United States Virgin Islands,VIR,2005,6.777151
United States Virgin Islands,VIR,2006,6.708978
United States Virgin Islands,VIR,2007,6.227625
United States Virgin Islands,VIR,2008,6.041759
United States Virgin Islands,VIR,2009,6.084228
United States Virgin Islands,VIR,2010,7.013779
United States Virgin Islands,VIR,2011,5.549022
United States Virgin Islands,VIR,2012,6.6389904
United States Virgin Islands,VIR,2013,5.8474216
United States Virgin Islands,VIR,2014,6.180707
United States Virgin Islands,VIR,2015,6.65173
United States Virgin Islands,VIR,2016,6.3780403
United States Virgin Islands,VIR,2017,7.8102894
United States Virgin Islands,VIR,2018,7.009791
United States Virgin Islands,VIR,2019,6.4708524
United States Virgin Islands,VIR,2020,6.758951
United States Virgin Islands,VIR,2021,7.026067
United States Virgin Islands,VIR,2022,5.71334
United States Virgin Islands,VIR,2023,6.7926383
Upper-middle-income countries,OWID_UMC,1990,37.027817
Upper-middle-income countries,OWID_UMC,1991,36.731705
Upper-middle-income countries,OWID_UMC,1992,36.724224
Upper-middle-income countries,OWID_UMC,1993,36.717598
Upper-middle-income countries,OWID_UMC,1994,36.71364
Upper-middle-income countries,OWID_UMC,1995,36.130486
Upper-middle-income countries,OWID_UMC,1996,36.703575
Upper-middle-income countries,OWID_UMC,1997,36.698
Upper-middle-income countries,OWID_UMC,1998,36.690575
Upper-middle-income countries,OWID_UMC,1999,36.678917
Upper-middle-income countries,OWID_UMC,2000,36.95398
Upper-middle-income countries,OWID_UMC,2001,36.527817
Upper-middle-income countries,OWID_UMC,2002,36.894466
Upper-middle-income countries,OWID_UMC,2003,36.52559
Upper-middle-income countries,OWID_UMC,2004,36.148323
Upper-middle-income countries,OWID_UMC,2005,36.417156
Upper-middle-income countries,OWID_UMC,2006,36.862125
Upper-middle-income countries,OWID_UMC,2007,36.933376
Upper-middle-income countries,OWID_UMC,2008,36.606876
Upper-middle-income countries,OWID_UMC,2009,36.161457
Upper-middle-income countries,OWID_UMC,2010,35.52986
Upper-middle-income countries,OWID_UMC,2011,37.379128
Upper-middle-income countries,OWID_UMC,2012,34.95885
Upper-middle-income countries,OWID_UMC,2013,36.444824
Upper-middle-income countries,OWID_UMC,2014,36.90886
Upper-middle-income countries,OWID_UMC,2015,35.75479
Upper-middle-income countries,OWID_UMC,2016,33.0789
Upper-middle-income countries,OWID_UMC,2017,31.770475
Upper-middle-income countries,OWID_UMC,2018,29.903326
Upper-middle-income countries,OWID_UMC,2019,29.614393
Upper-middle-income countries,OWID_UMC,2020,27.274572
Upper-middle-income countries,OWID_UMC,2021,26.578588
Upper-middle-income countries,OWID_UMC,2022,27.124878
Upper-middle-income countries,OWID_UMC,2023,26.665882
Uruguay,URY,1990,13.325396
Uruguay,URY,1991,13.219111
Uruguay,URY,1992,13.178214
Uruguay,URY,1993,13.137318
Uruguay,URY,1994,13.096421
Uruguay,URY,1995,12.924749
Uruguay,URY,1996,13.014627
Uruguay,URY,1997,12.97373
Uruguay,URY,1998,12.932834
Uruguay,URY,1999,12.891936
Uruguay,URY,2000,12.916427
Uruguay,URY,2001,12.536499
Uruguay,URY,2002,12.457227
Uruguay,URY,2003,12.516478
Uruguay,URY,2004,11.861514
Uruguay,URY,2005,11.493759
Uruguay,URY,2006,12.474841
Uruguay,URY,2007,12.980722
Uruguay,URY,2008,13.027467
Uruguay,URY,2009,13.040133
Uruguay,URY,2010,11.668082
Uruguay,URY,2011,12.548
Uruguay,URY,2012,11.652657
Uruguay,URY,2013,11.760945
Uruguay,URY,2014,11.4718
Uruguay,URY,2015,11.049328
Uruguay,URY,2016,11.008091
Uruguay,URY,2017,10.927604
Uruguay,URY,2018,10.874835
Uruguay,URY,2019,11.184076
Uruguay,URY,2020,11.9353075
Uruguay,URY,2021,11.146199
Uruguay,URY,2022,11.7896595
Uruguay,URY,2023,10.854802
Uzbekistan,UZB,1990,36.950947
Uzbekistan,UZB,1991,38.077953
Uzbekistan,UZB,1992,38.078682
Uzbekistan,UZB,1993,38.07941
Uzbekistan,UZB,1994,38.08014
Uzbekistan,UZB,1995,40.333424
Uzbekistan,UZB,1996,38.081593
Uzbekistan,UZB,1997,38.08232
Uzbekistan,UZB,1998,38.08305
Uzbekistan,UZB,1999,38.08378
Uzbekistan,UZB,2000,36.958225
Uzbekistan,UZB,2001,36.59167
Uzbekistan,UZB,2002,36.36697
Uzbekistan,UZB,2003,33.70276
Uzbekistan,UZB,2004,33.13049
Uzbekistan,UZB,2005,34.300446
Uzbekistan,UZB,2006,33.036526
Uzbekistan,UZB,2007,31.777056
Uzbekistan,UZB,2008,32.57294
Uzbekistan,UZB,2009,32.53076
Uzbekistan,UZB,2010,32.60301
Uzbekistan,UZB,2011,33.509468
Uzbekistan,UZB,2012,29.859962
Uzbekistan,UZB,2013,30.92616
Uzbekistan,UZB,2014,32.30178
Uzbekistan,UZB,2015,32.031597
Uzbekistan,UZB,2016,30.817417
Uzbekistan,UZB,2017,32.445198
Uzbekistan,UZB,2018,32.661213
Uzbekistan,UZB,2019,32.548763
Uzbekistan,UZB,2020,32.390903
Uzbekistan,UZB,2021,34.20323
Uzbekistan,UZB,2022,32.855076
Uzbekistan,UZB,2023,32.77137
Vanuatu,VUT,1990,9.301209
Vanuatu,VUT,1991,9.225218
Vanuatu,VUT,1992,9.219993
Vanuatu,VUT,1993,9.214767
Vanuatu,VUT,1994,9.209543
Vanuatu,VUT,1995,9.062783
Vanuatu,VUT,1996,9.199093
Vanuatu,VUT,1997,9.193868
Vanuatu,VUT,1998,9.188643
Vanuatu,VUT,1999,9.183418
Vanuatu,VUT,2000,9.2489605
Vanuatu,VUT,2001,9.637264
Vanuatu,VUT,2002,8.675138
Vanuatu,VUT,2003,9.273798
Vanuatu,VUT,2004,8.116669
Vanuatu,VUT,2005,8.545935
Vanuatu,VUT,2006,7.690519
Vanuatu,VUT,2007,7.552454
Vanuatu,VUT,2008,7.8012185
Vanuatu,VUT,2009,7.5721536
Vanuatu,VUT,2010,7.874524
Vanuatu,VUT,2011,7.745575
Vanuatu,VUT,2012,7.5560517
Vanuatu,VUT,2013,8.483935
Vanuatu,VUT,2014,7.3138437
Vanuatu,VUT,2015,7.662338
Vanuatu,VUT,2016,7.4528146
Vanuatu,VUT,2017,8.762924
Vanuatu,VUT,2018,8.36324
Vanuatu,VUT,2019,7.2150416
Vanuatu,VUT,2020,6.1138043
Vanuatu,VUT,2021,6.1793222
Vanuatu,VUT,2022,7.285883
Vanuatu,VUT,2023,6.993943
Venezuela,VEN,1990,24.070866
Venezuela,VEN,1991,24.021833
Venezuela,VEN,1992,24.059948
Venezuela,VEN,1993,24.09806
Venezuela,VEN,1994,24.136175
Venezuela,VEN,1995,23.999996
Venezuela,VEN,1996,24.212402
Venezuela,VEN,1997,24.250517
Venezuela,VEN,1998,24.28863
Venezuela,VEN,1999,24.326744
Venezuela,VEN,2000,24.452003
Venezuela,VEN,2001,25.803936
Venezuela,VEN,2002,25.463375
Venezuela,VEN,2003,25.85883
Venezuela,VEN,2004,22.149946
Venezuela,VEN,2005,22.913061
Venezuela,VEN,2006,22.002512
Venezuela,VEN,2007,21.506975
Venezuela,VEN,2008,21.21662
Venezuela,VEN,2009,20.2547
Venezuela,VEN,2010,24.75005
Venezuela,VEN,2011,22.863697
Venezuela,VEN,2012,21.707981
Venezuela,VEN,2013,20.649755
Venezuela,VEN,2014,19.854778
Venezuela,VEN,2015,22.006346
Venezuela,VEN,2016,23.225283
Venezuela,VEN,2017,22.151623
Venezuela,VEN,2018,19.991247
Venezuela,VEN,2019,20.673073
Venezuela,VEN,2020,19.318954
Venezuela,VEN,2021,18.171099
Venezuela,VEN,2022,18.75399
Venezuela,VEN,2023,19.198309
Vietnam,VNM,1990,40.767754
Vietnam,VNM,1991,39.903145
Vietnam,VNM,1992,39.58279
Vietnam,VNM,1993,39.262436
Vietnam,VNM,1994,38.94208
Vietnam,VNM,1995,37.53322
Vietnam,VNM,1996,38.301376
Vietnam,VNM,1997,37.98102
Vietnam,VNM,1998,37.660667
Vietnam,VNM,1999,37.340313
Vietnam,VNM,2000,37.564217
Vietnam,VNM,2001,35.863964
Vietnam,VNM,2002,37.15219
Vietnam,VNM,2003,36.054558
Vietnam,VNM,2004,38.643574
Vietnam,VNM,2005,37.956413
Vietnam,VNM,2006,32.990997
Vietnam,VNM,2007,30.80046
Vietnam,VNM,2008,30.694445
Vietnam,VNM,2009,29.225464
Vietnam,VNM,2010,29.343195
Vietnam,VNM,2011,30.827244
Vietnam,VNM,2012,28.762508
Vietnam,VNM,2013,29.614496
Vietnam,VNM,2014,28.828405
Vietnam,VNM,2015,26.4371
Vietnam,VNM,2016,27.465515
Vietnam,VNM,2017,27.367352
Vietnam,VNM,2018,26.284246
Vietnam,VNM,2019,27.22576
Vietnam,VNM,2020,25.281763
Vietnam,VNM,2021,25.234953
Vietnam,VNM,2022,25.523504
Vietnam,VNM,2023,24.784548
World,OWID_WRL,1990,36.67
World,OWID_WRL,1991,36.279804
World,OWID_WRL,1992,36.29143
World,OWID_WRL,1993,36.30434
World,OWID_WRL,1994,36.317307
World,OWID_WRL,1995,35.508453
World,OWID_WRL,1996,36.348804
World,OWID_WRL,1997,36.366554
World,OWID_WRL,1998,36.385246
World,OWID_WRL,1999,36.40514
World,OWID_WRL,2000,36.849155
World,OWID_WRL,2001,36.21648
World,OWID_WRL,2002,36.813454
World,OWID_WRL,2003,36.70675
World,OWID_WRL,2004,36.39298
World,OWID_WRL,2005,36.384983
World,OWID_WRL,2006,35.946835
World,OWID_WRL,2007,35.99501
World,OWID_WRL,2008,36.27635
World,OWID_WRL,2009,36.09217
World,OWID_WRL,2010,36.03034
World,OWID_WRL,2011,37.363174
World,OWID_WRL,2012,35.998547
World,OWID_WRL,2013,36.00464
World,OWID_WRL,2014,35.895126
World,OWID_WRL,2015,36.535892
World,OWID_WRL,2016,35.477192
World,OWID_WRL,2017,35.014496
World,OWID_WRL,2018,34.74262
World,OWID_WRL,2019,33.38451
World,OWID_WRL,2020,32.501842
World,OWID_WRL,2021,33.198826
World,OWID_WRL,2022,32.732143
World,OWID_WRL,2023,32.872383
Yemen,YEM,1990,44.764175
Yemen,YEM,1991,42.939472
Yemen,YEM,1992,43.07622
Yemen,YEM,1993,43.212975
Yemen,YEM,1994,43.349724
Yemen,YEM,1995,39.563572
Yemen,YEM,1996,43.623222
Yemen,YEM,1997,43.75997
Yemen,YEM,1998,43.896725
Yemen,YEM,1999,44.033474
Yemen,YEM,2000,46.131676
Yemen,YEM,2001,38.24377
Yemen,YEM,2002,37.045856
Yemen,YEM,2003,39.12757
Yemen,YEM,2004,38.989895
Yemen,YEM,2005,39.76836
Yemen,YEM,2006,39.47331
Yemen,YEM,2007,40.80001
Yemen,YEM,2008,41.65527
Yemen,YEM,2009,41.003143
Yemen,YEM,2010,41.2117
Yemen,YEM,2011,48.376698
Yemen,YEM,2012,53.858467
Yemen,YEM,2013,51.870422
Yemen,YEM,2014,42.725384
Yemen,YEM,2015,50.05035
Yemen,YEM,2016,46.077934
Yemen,YEM,2017,47.973255
Yemen,YEM,2018,45.66318
Yemen,YEM,2019,48.335148
Yemen,YEM,2020,43.73477
Yemen,YEM,2021,41.734806
Yemen,YEM,2022,47.11465
Yemen,YEM,2023,46.83598
Zambia,ZMB,1990,21.728271
Zambia,ZMB,1991,21.28846
Zambia,ZMB,1992,21.405178
Zambia,ZMB,1993,21.521894
Zambia,ZMB,1994,21.638613
Zambia,ZMB,1995,20.642271
Zambia,ZMB,1996,21.872047
Zambia,ZMB,1997,21.988766
Zambia,ZMB,1998,22.105482
Zambia,ZMB,1999,22.2222
Zambia,ZMB,2000,22.895447
Zambia,ZMB,2001,25.467707
Zambia,ZMB,2002,23.107462
Zambia,ZMB,2003,22.37557
Zambia,ZMB,2004,21.640604
Zambia,ZMB,2005,22.679974
Zambia,ZMB,2006,22.702127
Zambia,ZMB,2007,23.254076
Zambia,ZMB,2008,23.808937
Zambia,ZMB,2009,23.069895
Zambia,ZMB,2010,24.476528
Zambia,ZMB,2011,22.47705
Zambia,ZMB,2012,22.998331
Zambia,ZMB,2013,22.081612
Zambia,ZMB,2014,20.533932
Zambia,ZMB,2015,22.761734
Zambia,ZMB,2016,21.213419
Zambia,ZMB,2017,19.815296
Zambia,ZMB,2018,21.114439
Zambia,ZMB,2019,22.120533
Zambia,ZMB,2020,19.448496
Zambia,ZMB,2021,19.5925
Zambia,ZMB,2022,23.490185
Zambia,ZMB,2023,20.24305
Zimbabwe,ZWE,1990,16.217468
Zimbabwe,ZWE,1991,16.004938
Zimbabwe,ZWE,1992,16.025957
Zimbabwe,ZWE,1993,16.046976
Zimbabwe,ZWE,1994,16.067997
Zimbabwe,ZWE,1995,15.621917
Zimbabwe,ZWE,1996,16.110035
Zimbabwe,ZWE,1997,16.131054
Zimbabwe,ZWE,1998,16.152075
Zimbabwe,ZWE,1999,16.173094
Zimbabwe,ZWE,2000,16.427662
Zimbabwe,ZWE,2001,20.54192
Zimbabwe,ZWE,2002,17.683773
Zimbabwe,ZWE,2003,15.812917
Zimbabwe,ZWE,2004,14.766578
Zimbabwe,ZWE,2005,16.625578
Zimbabwe,ZWE,2006,18.488493
Zimbabwe,ZWE,2007,19.511356
Zimbabwe,ZWE,2008,19.59705
Zimbabwe,ZWE,2009,17.942404
Zimbabwe,ZWE,2010,20.295025
Zimbabwe,ZWE,2011,16.765482
Zimbabwe,ZWE,2012,18.374979
Zimbabwe,ZWE,2013,17.25582
Zimbabwe,ZWE,2014,15.275085
Zimbabwe,ZWE,2015,17.825026
Zimbabwe,ZWE,2016,15.692757
Zimbabwe,ZWE,2017,15.598419
Zimbabwe,ZWE,2018,18.027733
Zimbabwe,ZWE,2019,16.533665
Zimbabwe,ZWE,2020,13.698771
Zimbabwe,ZWE,2021,15.144709
Zimbabwe,ZWE,2022,17.390179
Zimbabwe,ZWE,2023,15.025474